ssn,first_name,last_name,email,country,ip_address
416-84-1088,Boothe,Rosenbush,brosenbush0@4shared.com,Vietnam,245.105.108.145
479-79-6795,Sharai,Tibalt,stibalt1@artisteer.com,China,182.210.134.98
768-75-2486,Lavina,Gooders,lgooders2@gnu.org,Sweden,146.64.163.54
450-51-5565,Emogene,Bullivent,ebullivent3@europa.eu,Nigeria,24.130.206.160
669-82-9115,Anastasie,Senescall,asenescall4@jimdo.com,Bulgaria,144.151.173.213
894-78-9094,Truda,Fickling,tfickling5@pagesperso-orange.fr,Philippines,62.234.147.60
807-96-7757,Analise,Mc Faul,amcfaul6@washingtonpost.com,China,41.134.168.87
676-10-7311,Pauly,Darkott,pdarkott7@vinaora.com,China,23.121.245.64
338-58-6914,Leilah,Renad,lrenad8@ucoz.com,Sweden,168.97.16.238
213-67-9334,Emmy,Okenden,eokenden9@disqus.com,Bosnia and Herzegovina,69.175.177.24
567-02-5190,Carey,Hatje,chatjea@chicagotribune.com,Ukraine,57.197.182.30
308-87-0663,Barbabra,Morrissey,bmorrisseyb@adobe.com,China,70.184.141.4
629-64-0729,Bradford,Ricardo,bricardoc@about.com,China,91.145.51.225
139-52-6511,Leoline,Gaize,lgaized@amazonaws.com,France,79.25.105.112
781-19-2757,Augusto,Van Vuuren,avanvuurene@free.fr,Philippines,27.236.211.140
256-27-5224,Louella,Danielsson,ldanielssonf@desdev.cn,Croatia,28.137.187.41
412-69-2092,Hobey,Benn,hbenng@cmu.edu,Armenia,45.30.140.148
309-53-6966,Welsh,Manicomb,wmanicombh@whitehouse.gov,Indonesia,110.114.219.220
762-07-9639,Anestassia,Langley,alangleyi@wp.com,Thailand,248.8.165.119
865-92-5644,Neda,Impey,nimpeyj@amazon.co.uk,Japan,87.95.167.108
214-95-9815,Evy,Gerrell,egerrellk@dyndns.org,France,224.190.142.10
158-23-2949,Auroora,Stockau,astockaul@cpanel.net,Chile,57.228.235.30
679-50-5422,Pearce,Gravet,pgravetm@bloglines.com,Bolivia,233.172.249.48
420-55-3101,Carmelia,Jarlmann,cjarlmannn@phoca.cz,Reunion,6.254.116.104
169-15-6289,Fidela,Sings,fsingso@amazon.de,China,60.92.163.177
449-58-4504,Karrah,Bartoszek,kbartoszekp@ifeng.com,Indonesia,30.98.15.164
639-61-4202,Nady,Bayford,nbayfordq@com.com,Ukraine,193.33.209.233
757-35-4090,Susanetta,Pidgley,spidgleyr@joomla.org,Russia,81.139.63.14
601-45-1182,Rivy,Bromont,rbromonts@weibo.com,Mexico,127.30.20.84
513-45-5392,Tamar,Tolcher,ttolchert@biblegateway.com,Brazil,216.130.82.203
662-67-9802,Vladimir,Grandison,vgrandisonu@spotify.com,South Africa,115.121.92.30
639-66-0869,Stace,Aldrich,saldrichv@discovery.com,Poland,136.210.162.224
720-19-8882,Nicola,Ixer,nixerw@aboutads.info,Indonesia,200.9.192.99
528-61-6338,Mel,Kristof,mkristofx@360.cn,Iran,106.167.32.27
133-23-4266,Gretal,Ruberti,grubertiy@youku.com,Yemen,156.192.142.203
832-94-6513,Trudie,Alway,talwayz@earthlink.net,Russia,209.255.163.126
194-84-7073,Rodrigo,Madgwick,rmadgwick10@admin.ch,Indonesia,204.231.33.102
611-38-1225,Renae,Blenkensop,rblenkensop11@ifeng.com,Ukraine,213.188.115.63
122-20-8131,Fedora,Heffernon,fheffernon12@bizjournals.com,French Polynesia,216.32.214.154
306-24-7879,Arlan,Fibben,afibben13@hostgator.com,China,239.126.50.49
589-54-8854,Georgianna,Pawelczyk,gpawelczyk14@ow.ly,Germany,253.27.109.106
717-30-6386,Emera,Edmondson,eedmondson15@about.me,Albania,220.45.46.96
899-88-5105,Sher,Goolden,sgoolden16@taobao.com,Ukraine,48.50.50.184
896-18-6009,Nichole,Fulmen,nfulmen17@state.tx.us,Democratic Republic of the Congo,247.125.190.74
368-04-1932,Allayne,Zanotti,azanotti18@webnode.com,Russia,32.120.143.238
442-11-9570,Nicolea,Rockcliff,nrockcliff19@weibo.com,Indonesia,91.160.125.234
287-73-5894,Berni,Dumbrall,bdumbrall1a@ezinearticles.com,China,239.226.75.203
521-39-6520,Valencia,Ellerker,vellerker1b@usatoday.com,Philippines,61.165.18.102
368-83-5934,Murielle,Iacomelli,miacomelli1c@google.com.au,Indonesia,251.192.19.143
323-21-8551,Ericka,Rosgen,erosgen1d@canalblog.com,Brazil,46.181.6.103
465-83-3069,Koren,Breazeall,kbreazeall1e@deviantart.com,Haiti,160.116.100.1
626-89-3839,Bevan,Cantrell,bcantrell1f@nymag.com,China,40.194.193.218
339-86-0444,Felizio,Rickaert,frickaert1g@wunderground.com,South Africa,134.30.166.72
644-11-3889,Mercedes,Blannin,mblannin1h@posterous.com,Indonesia,59.68.236.87
226-24-5376,Flint,Vernham,fvernham1i@trellian.com,Indonesia,133.2.15.208
331-11-8092,Salim,Wegener,swegener1j@mtv.com,Afghanistan,8.220.35.124
834-44-1078,Sari,Buntin,sbuntin1k@slashdot.org,Czech Republic,243.163.212.233
871-23-2310,Devy,Paddle,dpaddle1l@auda.org.au,Russia,28.150.113.78
379-84-6947,Margarethe,Desvignes,mdesvignes1m@berkeley.edu,China,49.87.42.63
896-37-9650,Jade,Burdus,jburdus1n@wikispaces.com,Ukraine,166.204.132.163
413-18-3024,Nance,Bodicum,nbodicum1o@boston.com,China,48.200.120.28
788-65-6919,Margo,Garvie,mgarvie1p@ning.com,Bangladesh,36.62.2.114
213-70-1862,Papagena,Huggens,phuggens1q@whitehouse.gov,Indonesia,184.191.221.254
204-17-4003,Coral,Slany,cslany1r@howstuffworks.com,Portugal,46.70.118.220
174-46-5966,Lazar,Henrie,lhenrie1s@yale.edu,Ukraine,248.64.201.20
246-65-7655,Griselda,Phizakarley,gphizakarley1t@google.com.au,Russia,38.130.164.149
830-97-7114,Rodrique,Roseman,rroseman1u@ed.gov,Netherlands,29.246.1.169
753-04-5593,Doralin,Thompson,dthompson1v@mysql.com,North Korea,152.118.219.118
145-37-5780,Tammara,Bagehot,tbagehot1w@e-recht24.de,China,135.208.23.180
188-69-3356,Hortensia,Message,hmessage1x@imdb.com,Philippines,47.171.91.210
333-49-1793,June,Marquiss,jmarquiss1y@hibu.com,Finland,37.131.8.191
445-99-2856,Darnall,Yve,dyve1z@google.de,Yemen,55.153.87.250
649-48-2293,Madelle,Varley,mvarley20@dion.ne.jp,Mexico,78.200.91.10
780-31-3410,Daryle,Crumpton,dcrumpton21@kickstarter.com,Indonesia,96.100.114.107
859-09-3083,Lindi,Caselli,lcaselli22@mlb.com,China,185.245.48.122
612-48-1235,Noelani,Gladdish,ngladdish23@si.edu,Peru,96.172.175.176
808-66-6828,Harp,Locarno,hlocarno24@creativecommons.org,Slovenia,226.137.176.207
397-82-6715,Boniface,Agnew,bagnew25@zimbio.com,Tajikistan,100.46.176.133
270-48-3746,Katie,Brauninger,kbrauninger26@apache.org,United States,37.202.8.245
231-12-3767,Dicky,Metrick,dmetrick27@elpais.com,Russia,146.232.151.5
224-15-1178,Stephan,Wooddisse,swooddisse28@shop-pro.jp,Sweden,75.148.29.15
768-55-2629,Berkeley,Peagram,bpeagram29@booking.com,China,133.96.187.192
378-53-1018,Hebert,Loud,hloud2a@ameblo.jp,China,56.52.112.44
586-47-4946,Dana,Old,dold2b@github.com,Australia,160.133.148.155
349-29-3125,Carlynne,Pigdon,cpigdon2c@usatoday.com,Norway,108.110.52.111
712-08-7142,Hammad,Vasyutin,hvasyutin2d@ucoz.com,Brazil,29.56.99.106
737-79-9658,Jeane,Gullivan,jgullivan2e@webmd.com,United States,184.29.56.215
246-42-5779,Debor,Youd,dyoud2f@marriott.com,France,6.248.217.43
558-70-0133,Lars,Rawcliff,lrawcliff2g@acquirethisname.com,Afghanistan,137.137.14.63
756-72-7762,Nathan,Eidelman,neidelman2h@youku.com,Norway,147.171.202.191
315-13-0229,Heida,Setterthwait,hsetterthwait2i@comsenz.com,United States,66.211.106.40
639-68-1987,Velma,Kemish,vkemish2j@tamu.edu,Thailand,177.84.48.152
215-61-7845,Sebastian,Slark,sslark2k@yandex.ru,Belarus,198.174.108.77
743-25-9418,Andriette,Marchment,amarchment2l@cnbc.com,Japan,117.205.94.70
179-29-8928,Zedekiah,Kingman,zkingman2m@phpbb.com,Russia,197.66.237.165
314-73-4965,Alis,Stollenbecker,astollenbecker2n@livejournal.com,Jordan,155.69.185.40
254-81-7445,Keith,Tynnan,ktynnan2o@booking.com,Indonesia,69.171.211.6
310-60-4560,Micky,Grinyer,mgrinyer2p@alexa.com,Canada,136.191.79.79
109-19-9730,Giraldo,Lardiner,glardiner2q@phpbb.com,Sweden,2.197.193.206
712-40-5587,Ainsley,Houseley,ahouseley2r@technorati.com,Russia,108.135.127.63
713-48-7441,Merrily,Tuftin,mtuftin2s@list-manage.com,Russia,89.254.116.48
833-85-7341,Rasia,Duval,rduval2t@webnode.com,Syria,64.252.209.45
636-68-3872,Lauretta,Purrier,lpurrier2u@weibo.com,Greece,184.137.132.181
527-99-8270,Bruis,Mullany,bmullany2v@sitemeter.com,Portugal,25.103.150.242
432-28-2429,Jacintha,Codner,jcodner2w@webs.com,China,99.88.85.183
216-71-1039,Cheryl,Ferguson,cferguson2x@sbwire.com,Spain,196.197.231.153
489-22-8185,Phil,Bowcher,pbowcher2y@elegantthemes.com,Russia,231.203.90.239
478-77-2347,Ronda,Fuggles,rfuggles2z@youtu.be,Tanzania,179.219.211.216
849-51-3782,Melli,Fallows,mfallows30@businessinsider.com,China,59.223.90.111
880-43-2179,Vassili,Oakly,voakly31@chicagotribune.com,Indonesia,12.183.67.237
725-53-3533,Giralda,Wolfendale,gwolfendale32@sakura.ne.jp,Brazil,62.122.186.35
369-53-2489,Emeline,Hegge,ehegge33@yellowpages.com,Greece,6.252.223.34
602-99-9452,Sallyann,Ohm,sohm34@independent.co.uk,China,74.201.79.14
312-71-5144,Whitby,Stockwell,wstockwell35@un.org,Serbia,140.173.35.163
326-63-5899,Hughie,Paladini,hpaladini36@networksolutions.com,Chile,16.191.250.102
477-53-8597,Shandra,Moxley,smoxley37@baidu.com,Ukraine,95.62.235.182
149-59-5658,Zonnya,O'Kielt,zokielt38@ocn.ne.jp,Mexico,175.220.93.226
267-96-9388,Tova,Kayser,tkayser39@ed.gov,Portugal,217.93.243.145
690-79-1205,Ikey,Metcalfe,imetcalfe3a@indiegogo.com,Philippines,67.66.42.147
894-32-6123,Linnell,Caulder,lcaulder3b@skyrock.com,Portugal,118.116.249.30
199-57-2864,Jay,McCrossan,jmccrossan3c@booking.com,Norway,243.177.152.137
848-94-0414,Eloise,McCrae,emccrae3d@google.com.hk,Indonesia,142.237.227.198
531-27-7566,Engelbert,Doddrell,edoddrell3e@prlog.org,Canada,149.5.170.15
594-56-3621,Fiona,Gauld,fgauld3f@ebay.com,Dominican Republic,209.72.166.255
212-12-4532,Hilary,Haliburn,hhaliburn3g@behance.net,Angola,211.106.12.251
530-66-4397,Ermengarde,Cottis,ecottis3h@dion.ne.jp,Sweden,108.197.197.64
226-94-9108,Ruthanne,Lipman,rlipman3i@yellowbook.com,China,143.29.117.60
315-98-0648,Ania,Faas,afaas3j@desdev.cn,Sweden,152.80.140.181
282-14-6189,Ardine,Dopson,adopson3k@furl.net,United States,87.226.28.123
381-54-9190,Inness,Rraundl,irraundl3l@prnewswire.com,Portugal,23.37.198.249
891-44-7940,Allie,Barfield,abarfield3m@ibm.com,China,254.167.0.70
190-79-5397,Willard,Medwell,wmedwell3n@rambler.ru,Croatia,162.85.169.24
167-90-5636,Dion,Fancutt,dfancutt3o@hc360.com,Palestinian Territory,33.62.243.183
394-09-4957,Sherwin,Savaage,ssavaage3p@barnesandnoble.com,Tanzania,158.48.181.243
477-19-0310,Pauli,Buckles,pbuckles3q@sphinn.com,China,107.129.73.60
294-57-6462,Myca,Larsen,mlarsen3r@cbslocal.com,China,161.9.7.60
529-26-0675,Evita,Dunrige,edunrige3s@alibaba.com,Russia,118.162.114.204
196-37-8652,Goran,Beaze,gbeaze3t@cdc.gov,China,138.202.220.152
267-90-7417,Duffie,Fowell,dfowell3u@storify.com,Russia,55.47.108.94
307-96-0494,Francklin,Lomasna,flomasna3v@patch.com,Jordan,215.243.130.112
440-65-9303,Gian,Tabourier,gtabourier3w@amazon.de,China,223.237.94.125
723-06-0352,Kamillah,Guisler,kguisler3x@simplemachines.org,Burkina Faso,6.191.86.176
195-95-0300,Linus,Botting,lbotting3y@newsvine.com,Brazil,190.110.237.214
832-89-9951,Skye,Anand,sanand3z@samsung.com,Philippines,196.155.192.88
337-66-1369,Ivan,Levin,ilevin40@indiegogo.com,Russia,252.163.50.3
481-05-5101,Dianemarie,Andreou,dandreou41@usatoday.com,Japan,249.239.159.192
121-97-5968,Natasha,Winkle,nwinkle42@mtv.com,Bosnia and Herzegovina,161.193.200.248
606-12-0045,Jackie,Edmondson,jedmondson43@shinystat.com,Poland,68.186.74.60
112-17-4043,Berri,Micheau,bmicheau44@nasa.gov,Philippines,135.138.16.66
335-32-8378,Jo-ann,Griniov,jgriniov45@facebook.com,Russia,88.246.56.133
884-49-3327,Maribel,Scampion,mscampion46@dot.gov,Russia,113.90.192.22
303-20-1044,Robinett,Vasyutichev,rvasyutichev47@springer.com,Philippines,82.71.233.53
490-02-3076,Frederigo,Gawthrope,fgawthrope48@sina.com.cn,Kyrgyzstan,44.70.103.121
259-66-8052,Balduin,Stonelake,bstonelake49@123-reg.co.uk,Sri Lanka,187.18.195.32
693-85-8057,Pablo,McGoogan,pmcgoogan4a@alibaba.com,Philippines,113.212.244.208
665-86-1018,Saidee,Benettolo,sbenettolo4b@tmall.com,China,63.226.255.128
173-52-8398,Torrie,Bardwall,tbardwall4c@census.gov,Philippines,105.134.158.24
713-90-8439,Iris,Elijahu,ielijahu4d@rambler.ru,China,134.13.66.117
352-35-0305,Charlot,Brugman,cbrugman4e@miitbeian.gov.cn,Colombia,109.63.61.111
731-90-7500,Alicea,Ingley,aingley4f@blogspot.com,China,161.8.170.54
623-44-5123,Annamarie,Castagno,acastagno4g@springer.com,China,208.48.187.170
138-58-3241,Rriocard,Haycox,rhaycox4h@goodreads.com,China,151.147.91.215
340-51-4627,Gerick,Bulman,gbulman4i@blog.com,Canada,177.218.243.95
689-67-7908,Anett,Gregorio,agregorio4j@list-manage.com,China,73.70.61.214
211-96-1808,Riane,McDyer,rmcdyer4k@dell.com,France,28.175.174.0
268-07-3269,Sharla,Duxbury,sduxbury4l@barnesandnoble.com,Serbia,253.23.121.223
363-75-7928,Janina,Crowcum,jcrowcum4m@amazon.de,Greece,77.242.106.178
434-55-7357,Juliet,Elgey,jelgey4n@scribd.com,China,227.74.120.121
440-69-6419,Johann,Stranks,jstranks4o@jalbum.net,Indonesia,102.170.91.224
354-17-1373,Trula,Stoffersen,tstoffersen4p@redcross.org,China,227.90.152.66
307-63-6026,Dani,Dyble,ddyble4q@bluehost.com,Russia,225.148.234.120
373-02-2881,Hilliary,Lennarde,hlennarde4r@squarespace.com,Peru,108.81.149.89
828-95-1560,Brena,Troak,btroak4s@yahoo.com,Ukraine,212.151.49.3
717-41-4593,Masha,Londsdale,mlondsdale4t@sitemeter.com,El Salvador,119.28.70.218
399-36-3736,Scott,Povey,spovey4u@illinois.edu,China,29.210.95.198
262-88-2409,Sonny,O'Reagan,soreagan4v@multiply.com,Senegal,64.18.131.32
675-87-2533,Bonnee,McPike,bmcpike4w@desdev.cn,Indonesia,30.106.120.107
133-68-2487,Roxie,Adnet,radnet4x@google.de,Indonesia,80.250.2.94
797-61-4864,Cobb,Taberner,ctaberner4y@jigsy.com,Luxembourg,102.249.50.27
235-68-6334,Allegra,Glading,aglading4z@cdbaby.com,Philippines,129.168.42.86
311-22-6894,Krishnah,Vasechkin,kvasechkin50@engadget.com,Mongolia,149.32.206.197
197-68-6048,Harriott,Pharrow,hpharrow51@bravesites.com,Colombia,17.243.127.76
579-33-3778,Rosanne,Greenly,rgreenly52@google.com.au,Portugal,85.123.79.238
852-78-2050,Javier,Cummins,jcummins53@prweb.com,Malaysia,4.217.106.243
163-57-3866,Clio,Sivewright,csivewright54@upenn.edu,Portugal,95.214.58.112
251-54-7564,Adrea,Ellins,aellins55@studiopress.com,Indonesia,65.251.82.154
419-16-5296,Emmott,Standering,estandering56@rambler.ru,China,25.201.30.41
165-16-2199,Boycey,Edards,bedards57@psu.edu,Israel,30.131.61.80
592-51-5054,Gaelan,Summerson,gsummerson58@ted.com,China,250.188.222.169
320-26-0976,Marijo,Loncaster,mloncaster59@4shared.com,France,141.73.232.14
299-95-8925,Renie,Tomlett,rtomlett5a@vimeo.com,Czech Republic,173.143.73.225
331-08-4368,Alicea,Teck,ateck5b@answers.com,Portugal,219.129.142.40
233-62-6398,Carleen,Djordjevic,cdjordjevic5c@amazonaws.com,China,195.151.138.100
196-80-3785,Shaylyn,Girardey,sgirardey5d@yellowpages.com,South Africa,141.211.53.169
561-44-1859,Patsy,Sherland,psherland5e@fastcompany.com,Colombia,195.163.66.51
868-42-6144,Carly,Bott,cbott5f@51.la,Indonesia,145.26.118.212
677-15-4944,Jules,Ricart,jricart5g@arstechnica.com,Peru,67.68.29.221
838-13-3215,Iver,Smewing,ismewing5h@google.co.uk,China,148.68.64.126
289-14-7635,Holly,Bindin,hbindin5i@ebay.com,Philippines,9.248.161.187
380-44-6432,Thomasa,Dayes,tdayes5j@tiny.cc,Colombia,163.181.245.215
627-68-4361,Maure,Marjanovic,mmarjanovic5k@xing.com,China,196.75.96.37
423-79-5478,Antonia,Mccaull,amccaull5l@blogspot.com,China,221.74.100.193
339-64-4194,Georgi,Dorkin,gdorkin5m@symantec.com,China,199.146.179.224
194-06-4249,Ole,Kinner,okinner5n@netvibes.com,Sweden,225.58.26.35
614-15-2344,Vaughan,Salliss,vsalliss5o@baidu.com,Philippines,103.177.130.132
454-39-8305,Stanfield,Dagless,sdagless5p@google.it,Argentina,252.162.27.39
232-96-7246,Emmie,Otham,eotham5q@naver.com,Indonesia,239.114.13.196
405-35-1645,Nick,Sollime,nsollime5r@cafepress.com,Poland,158.35.218.239
745-30-5747,Gwenore,Orritt,gorritt5s@usnews.com,China,19.198.187.172
865-80-1172,Valentine,Czajka,vczajka5t@purevolume.com,China,84.187.137.192
292-22-3767,Sharity,McDonand,smcdonand5u@yandex.ru,Philippines,64.183.188.202
694-11-5523,Carmela,Morrel,cmorrel5v@cafepress.com,Russia,207.147.109.165
478-39-8339,Jess,Lutwyche,jlutwyche5w@un.org,China,145.52.54.184
639-21-2705,Rawley,Chapier,rchapier5x@nhs.uk,China,84.229.138.202
146-22-2066,Greg,Danforth,gdanforth5y@jigsy.com,France,213.172.217.244
461-72-3950,Sabina,Nelius,snelius5z@goodreads.com,Norway,3.244.92.168
696-05-0994,Hildagard,Tuberfield,htuberfield60@homestead.com,China,54.166.135.32
833-94-1951,Andrea,Andrag,aandrag61@linkedin.com,Tanzania,79.171.176.99
360-90-5000,Mercy,Slaymaker,mslaymaker62@ehow.com,Philippines,162.52.162.126
766-42-4865,Felisha,Hubbucke,fhubbucke63@pen.io,China,42.102.169.217
880-39-9444,Maynard,Bunford,mbunford64@hatena.ne.jp,China,192.172.251.37
862-96-6845,Veronika,Ahrendsen,vahrendsen65@booking.com,Philippines,64.165.103.141
855-70-0615,Trix,Conquer,tconquer66@barnesandnoble.com,China,84.232.141.63
493-88-3837,Abigael,Romayne,aromayne67@mtv.com,Vietnam,252.207.135.212
199-82-7387,Raymond,Edeson,redeson68@imdb.com,Colombia,184.236.243.195
738-68-6907,Valli,Berens,vberens69@cbsnews.com,Indonesia,230.255.5.71
411-41-0254,Erda,Fonso,efonso6a@google.cn,Croatia,167.235.190.226
340-44-9723,Iosep,Lissemore,ilissemore6b@netlog.com,Poland,193.57.111.83
737-64-6630,Isac,Longstreeth,ilongstreeth6c@wired.com,Afghanistan,115.6.70.124
856-82-9130,Stanfield,Perigeaux,sperigeaux6d@newyorker.com,Russia,190.197.170.232
515-32-6275,Erena,Guyan,eguyan6e@yahoo.co.jp,Mali,68.10.121.10
854-92-1925,Tito,Mellish,tmellish6f@aboutads.info,Serbia,87.98.255.218
570-50-3021,Kenn,Quenell,kquenell6g@com.com,Portugal,113.51.241.215
448-76-4074,Marina,Meriton,mmeriton6h@nih.gov,China,181.81.58.85
202-42-2813,Brendin,Haynesford,bhaynesford6i@e-recht24.de,Mauritius,198.85.185.208
103-50-8858,Flem,Luckhurst,fluckhurst6j@telegraph.co.uk,Poland,149.231.88.198
805-99-1724,Ilka,Harwin,iharwin6k@soundcloud.com,El Salvador,134.212.211.52
160-41-9370,Gusella,MacCook,gmaccook6l@miibeian.gov.cn,Czech Republic,94.80.67.0
549-07-4105,Hillary,Hakking,hhakking6m@time.com,Poland,35.247.10.244
319-89-8636,Ilaire,MacCallester,imaccallester6n@wiley.com,Colombia,131.105.215.3
276-46-2687,Donn,Simukov,dsimukov6o@mysql.com,United States,6.61.210.39
765-77-9204,Caritta,Agostini,cagostini6p@sogou.com,Ivory Coast,244.68.144.112
347-54-5733,Andee,Harmeston,aharmeston6q@moonfruit.com,United States,146.97.71.225
419-55-8280,Lin,Larder,llarder6r@t-online.de,Sweden,200.35.192.172
708-54-8911,Joly,Bridgewood,jbridgewood6s@pen.io,Russia,43.213.13.74
331-27-6013,Jourdan,Lawland,jlawland6t@twitter.com,Philippines,5.197.154.156
696-50-0096,Kellie,Michieli,kmichieli6u@chicagotribune.com,Indonesia,69.167.219.133
621-06-5156,Ava,Nunns,anunns6v@bloglines.com,Kuwait,165.156.203.253
408-14-8062,Thia,Howsden,thowsden6w@latimes.com,Poland,242.220.2.50
826-05-8754,Kare,Brumhead,kbrumhead6x@bloglovin.com,Russia,209.101.28.103
111-85-3504,Merrile,Ghion,mghion6y@ycombinator.com,Portugal,210.223.52.29
233-18-2221,Avie,Lander,alander6z@marketwatch.com,Portugal,245.116.46.12
847-19-2105,Lavina,Ibell,libell70@google.it,China,191.169.97.190
659-21-4881,Ermentrude,Crate,ecrate71@gmpg.org,China,48.150.65.152
447-95-9688,Bryanty,Semechik,bsemechik72@google.co.jp,Croatia,254.144.132.227
254-39-6340,Monty,Dombrell,mdombrell73@storify.com,Indonesia,165.81.209.63
263-01-2512,Aile,Gretton,agretton74@sciencedaily.com,Mayotte,211.159.98.130
324-82-4094,Raoul,Corteis,rcorteis75@forbes.com,China,104.43.125.215
153-51-1015,Josi,Glassard,jglassard76@sogou.com,Indonesia,248.112.175.182
850-92-3147,Georgia,Micklewicz,gmicklewicz77@eepurl.com,Thailand,31.222.20.81
280-65-7811,Loren,Ledrun,lledrun78@ft.com,Philippines,106.107.184.145
824-30-4092,Tandie,Fortun,tfortun79@tuttocitta.it,Vietnam,164.179.59.184
375-29-9411,Nanete,Jeggo,njeggo7a@yelp.com,Portugal,205.200.156.133
491-43-5877,Tanner,Dodsley,tdodsley7b@discovery.com,Colombia,204.182.70.227
389-30-8235,Trina,Sidebottom,tsidebottom7c@state.gov,China,190.235.95.238
781-85-1050,Ulick,Sweetlove,usweetlove7d@about.com,China,239.113.146.159
222-80-9261,Barret,Dawes,bdawes7e@networkadvertising.org,Croatia,244.128.119.67
549-62-0966,Lolly,Roullier,lroullier7f@nba.com,France,104.149.234.154
888-50-2879,Devin,Skelcher,dskelcher7g@zdnet.com,China,49.44.66.42
765-60-6619,Farand,Geratasch,fgeratasch7h@wiley.com,China,212.97.27.90
620-17-5750,Billi,McIlwain,bmcilwain7i@uol.com.br,Russia,27.125.87.53
404-73-9729,Benedetta,Buckie,bbuckie7j@bigcartel.com,Central African Republic,71.91.60.44
861-20-4739,Shannon,Camble,scamble7k@cyberchimps.com,Greece,232.238.182.120
511-82-3088,Domenico,Boulter,dboulter7l@skyrock.com,Canada,181.121.102.125
890-55-3926,Barnebas,Crossfeld,bcrossfeld7m@bravesites.com,China,242.72.22.122
569-14-7428,Lorita,Sherrum,lsherrum7n@fotki.com,Denmark,218.44.103.15
694-93-3880,Elnar,Faucett,efaucett7o@digg.com,Slovenia,56.240.132.240
155-76-2845,Megen,Wooles,mwooles7p@yale.edu,Croatia,133.182.201.122
839-26-3520,Nicky,Cubin,ncubin7q@netscape.com,United States,59.255.3.208
801-76-3770,Herschel,Wincom,hwincom7r@quantcast.com,Indonesia,244.124.120.99
389-76-5511,Arline,Lettice,alettice7s@hubpages.com,Spain,25.153.240.65
624-29-5459,Tildy,Hugonin,thugonin7t@tuttocitta.it,Russia,30.63.221.102
824-32-5284,Beau,Perkis,bperkis7u@loc.gov,Jordan,115.91.173.81
305-34-3602,Clare,Lavallin,clavallin7v@wiley.com,Indonesia,172.154.1.151
605-12-2059,Rasia,Miklem,rmiklem7w@aboutads.info,Portugal,159.67.181.123
613-86-4289,Nigel,Biddleston,nbiddleston7x@wired.com,Germany,250.26.231.56
111-85-5468,Gusti,Fretwell,gfretwell7y@japanpost.jp,Bulgaria,35.106.103.154
359-03-1396,Rhona,Sindell,rsindell7z@latimes.com,Palestinian Territory,193.130.66.220
181-64-3363,Caril,Capstaff,ccapstaff80@youku.com,Portugal,145.143.220.232
420-81-9112,Sibylla,Ruddle,sruddle81@census.gov,United States,7.196.236.222
347-96-1135,Field,Nolton,fnolton82@rambler.ru,China,54.16.114.206
417-23-1923,Camella,Spurgin,cspurgin83@hhs.gov,China,249.48.169.207
166-90-3115,Eberto,Hruska,ehruska84@vistaprint.com,Indonesia,161.248.199.113
724-56-8468,Purcell,Daughtery,pdaughtery85@aboutads.info,Russia,218.247.115.241
685-33-2718,Hoyt,Craigmyle,hcraigmyle86@photobucket.com,China,50.80.25.90
538-15-0698,Astrix,Iacovo,aiacovo87@creativecommons.org,Greece,184.179.70.3
314-61-6616,Damara,Wharram,dwharram88@github.com,Palestinian Territory,176.36.251.252
324-22-5657,Meghan,Tuison,mtuison89@blogspot.com,Sweden,95.33.139.139
205-31-4937,Nehemiah,Ruffey,nruffey8a@wiley.com,Mongolia,213.148.230.253
817-20-8739,Lorenza,Verralls,lverralls8b@cam.ac.uk,Thailand,173.103.68.5
454-94-9300,Koo,Standeven,kstandeven8c@barnesandnoble.com,Philippines,95.20.239.251
563-44-9086,Rhona,Kitchinghan,rkitchinghan8d@blinklist.com,China,71.126.94.60
320-92-4758,Binny,Wintour,bwintour8e@accuweather.com,Peru,25.144.5.112
563-06-5332,Merilyn,Allardyce,mallardyce8f@msn.com,China,234.80.195.43
808-70-5051,Cybil,Rookesby,crookesby8g@mapquest.com,Indonesia,63.174.169.116
787-32-4632,Trstram,Podmore,tpodmore8h@cmu.edu,Philippines,161.206.120.62
208-76-4137,Katti,Large,klarge8i@google.co.uk,Greece,132.11.120.98
156-09-3836,Alecia,Hoyles,ahoyles8j@edublogs.org,Peru,92.12.22.42
443-79-9903,Sapphira,Tuddall,studdall8k@chicagotribune.com,South Korea,141.166.133.119
715-14-7832,Becca,Paulack,bpaulack8l@comsenz.com,Tajikistan,29.216.42.129
751-50-1243,Tate,Bryett,tbryett8m@bluehost.com,Canada,129.151.111.239
889-69-6099,Friedrick,Androletti,fandroletti8n@eepurl.com,Macedonia,86.14.56.194
458-36-5134,Jeno,Ickovic,jickovic8o@who.int,Indonesia,241.90.203.26
840-61-0803,Perri,Pappi,ppappi8p@simplemachines.org,Indonesia,219.11.177.99
122-86-3952,Constanta,Pahlsson,cpahlsson8q@home.pl,China,181.99.157.206
841-69-5636,Mella,People,mpeople8r@blogspot.com,Brazil,50.228.136.198
853-90-3438,Annamaria,Laycock,alaycock8s@bandcamp.com,Poland,14.98.133.119
745-84-7027,Milo,Cogman,mcogman8t@mozilla.com,China,17.154.195.210
243-41-8119,Thatch,Mathwen,tmathwen8u@cafepress.com,China,67.121.25.108
512-68-8620,Charlton,Cromar,ccromar8v@squarespace.com,China,254.198.119.150
366-79-2680,Joana,Mongeot,jmongeot8w@rakuten.co.jp,China,211.28.9.48
700-54-9143,Rivy,Antonignetti,rantonignetti8x@webnode.com,South Africa,215.108.210.238
857-53-5110,Debee,Gecks,dgecks8y@wired.com,United States,160.226.209.223
506-32-1226,Helene,Bagnall,hbagnall8z@lycos.com,Ivory Coast,103.170.85.216
769-47-5615,Morley,Corradengo,mcorradengo90@tiny.cc,Russia,147.122.89.94
232-03-0127,Verena,Rotchell,vrotchell91@rambler.ru,Russia,1.126.73.42
673-88-1819,Kai,Maidstone,kmaidstone92@loc.gov,Philippines,242.33.210.38
168-01-7616,Clari,Kliesl,ckliesl93@yolasite.com,Brazil,116.74.229.137
856-68-7614,Brendan,Esposito,besposito94@blogspot.com,Colombia,204.196.57.235
756-67-5362,Percival,Wegener,pwegener95@senate.gov,Colombia,228.96.88.248
321-94-3635,Elvis,Highwood,ehighwood96@icio.us,Indonesia,252.99.207.170
382-13-9426,Boone,Nulty,bnulty97@prweb.com,China,77.61.132.221
652-32-0477,Terrijo,Addey,taddey98@auda.org.au,China,153.109.69.99
811-45-7632,Maryjane,Presdee,mpresdee99@lycos.com,Poland,101.147.169.122
685-76-8882,Conrade,Ellacott,cellacott9a@dedecms.com,Mexico,174.89.25.216
168-84-3930,Paulina,Vardy,pvardy9b@cnet.com,Indonesia,30.140.157.66
794-59-8270,Goraud,Folkerts,gfolkerts9c@amazon.co.jp,Russia,17.210.233.141
532-30-2527,Myer,Danaher,mdanaher9d@latimes.com,Russia,238.134.98.134
233-73-5222,Suzy,Nezey,snezey9e@ameblo.jp,China,167.236.29.160
780-28-0802,Gustavo,Hoodlass,ghoodlass9f@google.de,Thailand,206.179.170.107
147-90-8930,Quincey,Trump,qtrump9g@ucla.edu,Iran,229.212.190.251
574-60-6972,Tomas,Posselwhite,tposselwhite9h@qq.com,Philippines,113.221.125.29
491-07-1418,Samara,Van Eeden,svaneeden9i@theguardian.com,Luxembourg,17.140.170.10
896-80-7073,Dugald,Caig,dcaig9j@economist.com,Philippines,193.233.190.76
690-34-2612,Anabel,Pleaden,apleaden9k@barnesandnoble.com,Japan,109.20.174.129
153-86-6498,Marcelia,Ellerington,mellerington9l@huffingtonpost.com,Macedonia,55.121.39.242
267-37-7985,Ikey,Brugmann,ibrugmann9m@furl.net,Sweden,226.30.226.125
872-69-2324,Dory,Langtree,dlangtree9n@engadget.com,Honduras,157.249.66.221
569-73-2906,Isidore,MacCall,imaccall9o@4shared.com,Russia,105.197.185.113
444-55-7812,Derwin,O' Byrne,dobyrne9p@ihg.com,Czech Republic,116.109.38.158
721-58-1838,Binni,Broadfield,bbroadfield9q@sfgate.com,China,12.171.10.76
378-90-9526,Josefina,Venturoli,jventuroli9r@marriott.com,Sweden,152.185.214.67
669-32-0084,Benedetto,Alven,balven9s@accuweather.com,Thailand,161.17.231.95
179-09-6137,Antoni,Cubley,acubley9t@multiply.com,Russia,186.217.253.178
645-36-4966,Clem,McMylor,cmcmylor9u@si.edu,Argentina,220.253.172.202
104-29-2332,Piper,Deluce,pdeluce9v@mozilla.org,Peru,10.220.100.224
564-60-0806,Chiquita,Colbeck,ccolbeck9w@sogou.com,Guatemala,87.233.91.35
338-71-1614,Chev,Normant,cnormant9x@nytimes.com,Honduras,62.255.230.240
180-92-1696,Agretha,Piscot,apiscot9y@example.com,Philippines,219.241.78.65
458-65-0787,Rosanne,Starbuck,rstarbuck9z@arstechnica.com,China,168.84.235.223
317-73-2872,Allina,Okenfold,aokenfolda0@dion.ne.jp,China,153.43.254.89
540-03-2708,Whitney,Kabisch,wkabischa1@google.pl,Indonesia,207.247.70.105
224-47-1979,Myrtle,Dowse,mdowsea2@dailymotion.com,United States,117.247.101.249
555-69-1992,Rozamond,Byham,rbyhama3@gov.uk,France,198.101.222.248
365-13-3803,Frayda,Farlham,ffarlhama4@yandex.ru,China,137.10.103.223
206-92-6053,Caesar,Knightly,cknightlya5@free.fr,Indonesia,86.237.238.69
589-10-1252,Lexy,Gardner,lgardnera6@wufoo.com,Argentina,61.69.193.83
583-87-4592,Shelly,Demkowicz,sdemkowicza7@thetimes.co.uk,Chile,232.207.121.64
144-52-5663,Almeria,Shardlow,ashardlowa8@europa.eu,Peru,147.70.255.64
537-71-2887,Luciano,Treleaven,ltreleavena9@goo.ne.jp,Vietnam,27.203.88.161
492-17-6208,Dayle,Raubenheim,draubenheimaa@vimeo.com,Burkina Faso,132.44.18.22
458-04-9261,Bentley,Wenderott,bwenderottab@ucla.edu,China,139.55.31.118
638-09-0897,Cathie,Dayly,cdaylyac@tiny.cc,China,101.72.70.81
549-59-1123,Simonne,Fitzackerley,sfitzackerleyad@sakura.ne.jp,China,88.3.146.19
631-21-8848,Welsh,Jizhaki,wjizhakiae@kickstarter.com,China,209.194.105.159
555-97-9881,Mattie,Gillice,mgilliceaf@guardian.co.uk,Tajikistan,219.249.152.148
662-18-3723,Whit,Sowley,wsowleyag@parallels.com,Sweden,67.101.241.195
682-56-0660,Ashlie,Stivers,astiversah@hostgator.com,Nigeria,48.212.196.217
405-75-4200,Westbrooke,Penrose,wpenroseai@businessweek.com,Kosovo,227.204.7.157
811-71-7880,Suzann,Ioannou,sioannouaj@eventbrite.com,Russia,143.53.14.200
307-09-0995,Bjorn,Peace,bpeaceak@yahoo.com,China,63.108.79.92
171-36-7892,Leonora,Jedrzejewsky,ljedrzejewskyal@eventbrite.com,Indonesia,2.149.217.125
441-52-9191,Alphonso,Wearn,awearnam@techcrunch.com,Greece,168.171.172.54
183-86-1410,Rolf,Tocque,rtocquean@go.com,Finland,139.205.11.207
322-51-0280,Dolli,Slocomb,dslocombao@plala.or.jp,China,10.114.0.107
119-23-0460,Persis,Brabbins,pbrabbinsap@icio.us,Indonesia,53.155.11.2
897-36-7269,Georgeanna,Cayle,gcayleaq@jalbum.net,Syria,181.68.194.184
479-39-7186,Bunny,Naish,bnaishar@wordpress.com,Philippines,219.38.23.170
107-54-9917,Cheri,Pollack,cpollackas@psu.edu,Ethiopia,164.161.244.252
533-67-7949,Sonja,O'Shields,soshieldsat@yahoo.com,Netherlands,14.106.12.114
512-13-2271,Rhona,Irlam,rirlamau@answers.com,China,163.241.70.25
318-45-3413,Tommie,Bairnsfather,tbairnsfatherav@smh.com.au,Argentina,237.110.153.18
492-62-6812,Gena,Hallett,ghallettaw@edublogs.org,China,77.190.21.195
216-06-3547,Estele,Moizer,emoizerax@sphinn.com,China,3.211.240.168
595-16-5724,Ahmed,Hallgate,ahallgateay@stumbleupon.com,Canada,18.31.49.148
488-19-6802,Suzann,Proffitt,sproffittaz@shop-pro.jp,Indonesia,66.177.181.56
623-66-4436,Marline,Senett,msenettb0@hud.gov,Russia,102.239.197.41
847-50-5387,Clerc,Varfolomeev,cvarfolomeevb1@squarespace.com,Philippines,89.31.201.134
295-09-2664,Tatiania,Chansonne,tchansonneb2@chron.com,France,80.231.41.126
297-74-3364,Maribelle,Mordecai,mmordecaib3@scribd.com,Philippines,220.41.222.111
872-90-7943,Hamlin,Silcock,hsilcockb4@bloglovin.com,Norway,122.101.173.144
241-38-6691,Dewitt,Yaakov,dyaakovb5@nasa.gov,China,76.214.198.116
536-17-6066,Euell,Candey,ecandeyb6@tripod.com,Bulgaria,3.243.240.4
376-62-9140,Bryan,Clewlowe,bclewloweb7@usda.gov,China,141.79.120.48
512-91-3874,Horatia,Darrell,hdarrellb8@google.nl,Peru,50.34.36.227
523-80-7119,Edvard,Plows,eplowsb9@dion.ne.jp,Indonesia,217.214.254.84
337-40-8686,Charleen,McGilroy,cmcgilroyba@fastcompany.com,Finland,36.88.210.150
674-65-0265,Heida,Ferne,hfernebb@dmoz.org,Sweden,34.238.153.126
625-18-1325,Anestassia,Alfonsini,aalfonsinibc@blinklist.com,Albania,96.61.180.6
520-09-0656,Annamaria,Phillis,aphillisbd@icq.com,Czech Republic,47.53.24.243
132-69-5544,Westbrook,Van de Velde,wvandeveldebe@sun.com,Japan,206.23.88.194
156-43-2260,Dorris,Alpe,dalpebf@newyorker.com,Indonesia,88.191.252.225
399-72-6438,Sigismondo,Senior,sseniorbg@exblog.jp,El Salvador,65.96.184.254
380-47-0759,Vidovic,Willicott,vwillicottbh@ask.com,Nigeria,161.149.114.76
119-91-2349,Mirelle,Jepps,mjeppsbi@google.cn,Sweden,125.37.202.66
389-77-7556,Hall,Laver,hlaverbj@ocn.ne.jp,France,5.68.188.31
183-38-0389,Bevvy,Fosserd,bfosserdbk@xing.com,Colombia,132.152.72.31
211-62-0268,Brewer,Knowlden,bknowldenbl@merriam-webster.com,El Salvador,29.184.228.178
855-89-0428,Vachel,Bruhn,vbruhnbm@paypal.com,Thailand,220.132.233.174
305-16-5309,Michal,Faltin,mfaltinbn@skyrock.com,Honduras,5.83.3.253
336-60-5713,Kissee,Clampe,kclampebo@businessinsider.com,Bangladesh,213.204.202.253
265-27-9489,Tedda,Lerohan,tlerohanbp@globo.com,China,48.98.214.123
335-41-4064,Durante,Dingivan,ddingivanbq@ebay.co.uk,Portugal,106.90.211.94
524-56-2424,Eugene,Paszek,epaszekbr@vistaprint.com,Indonesia,61.167.137.156
687-63-7624,Tammy,Dell Casa,tdellcasabs@cmu.edu,Indonesia,97.64.157.57
841-24-3354,Anissa,Cowcha,acowchabt@wufoo.com,Brazil,141.177.219.103
102-09-9931,Ahmad,Mogridge,amogridgebu@mozilla.com,Philippines,235.69.193.53
387-41-3555,Yehudit,Dobing,ydobingbv@cafepress.com,Indonesia,244.97.235.229
316-52-3545,Michail,Salzberg,msalzbergbw@hostgator.com,Russia,232.179.218.218
183-87-5879,Susana,Scouler,sscoulerbx@parallels.com,Latvia,51.35.27.135
274-71-6562,Jasen,McGeever,jmcgeeverby@list-manage.com,Indonesia,68.235.123.15
659-06-3817,Kingsley,Grissett,kgrissettbz@thetimes.co.uk,Czech Republic,33.231.204.245
820-79-4126,Maggee,Fontes,mfontesc0@npr.org,China,81.28.191.206
311-85-5173,Manolo,Heine,mheinec1@goodreads.com,China,164.247.217.100
736-54-6902,Oates,Unitt,ounittc2@theguardian.com,Indonesia,122.236.200.107
534-72-6680,Dolf,Shoubridge,dshoubridgec3@theguardian.com,Nigeria,121.44.215.95
114-19-5688,Davy,Maryott,dmaryottc4@mashable.com,Nicaragua,96.93.10.133
413-06-9037,Annissa,Yosselevitch,ayosselevitchc5@weibo.com,Namibia,188.140.222.177
267-38-7689,Ruben,Clemerson,rclemersonc6@army.mil,Canada,244.17.92.104
489-83-8738,Clemmy,Semkins,csemkinsc7@newyorker.com,Brazil,98.74.56.70
118-32-9815,Shawn,Mulmuray,smulmurayc8@yahoo.co.jp,Czech Republic,55.49.234.189
507-09-9957,Roseann,Blodgett,rblodgettc9@purevolume.com,France,55.154.166.73
670-34-4162,Gustaf,McNerlin,gmcnerlinca@sbwire.com,Ukraine,90.243.6.134
852-23-7588,Serene,Espadater,sespadatercb@census.gov,Poland,71.63.210.117
512-79-7281,Korry,Jurries,kjurriescc@oaic.gov.au,Indonesia,18.89.4.140
363-34-2859,Deva,Conford,dconfordcd@blogger.com,China,178.154.132.178
432-02-0542,Antonietta,Drust,adrustce@uol.com.br,United States,156.208.41.65
330-90-9938,Alison,Acott,aacottcf@t.co,Armenia,34.246.237.47
225-41-2581,Doloritas,Maxwale,dmaxwalecg@joomla.org,Nigeria,79.26.221.213
378-31-4929,Marje,McArthur,mmcarthurch@wisc.edu,Indonesia,119.201.231.4
641-12-5218,Magdaia,Mithun,mmithunci@delicious.com,France,99.61.187.149
533-24-0074,Ephrem,Tanti,etanticj@123-reg.co.uk,Saudi Arabia,160.122.174.4
865-23-1603,Tobiah,Bulleyn,tbulleynck@simplemachines.org,China,118.195.172.78
329-68-2057,Casie,Dewes,cdewescl@npr.org,China,1.254.37.221
739-36-1337,Kristine,Fearenside,kfearensidecm@plala.or.jp,United States,248.168.173.0
725-01-4268,Dill,Yeld,dyeldcn@issuu.com,Brazil,220.82.235.150
737-81-9602,Wat,Sarten,wsartenco@wordpress.org,Brazil,75.225.47.11
537-31-4996,Donielle,Plail,dplailcp@about.com,China,253.209.125.113
297-91-9852,Corene,Matic,cmaticcq@1und1.de,Mongolia,102.91.246.10
398-48-6084,Stevena,Simonson,ssimonsoncr@mozilla.com,Kiribati,129.162.218.77
472-92-3807,Cristi,Skermer,cskermercs@opensource.org,Afghanistan,130.209.73.39
699-54-4416,Reamonn,Waring,rwaringct@vk.com,China,212.165.212.69
828-78-7727,Correy,Burland,cburlandcu@samsung.com,China,1.74.73.142
618-91-0815,Travis,Skryne,tskrynecv@accuweather.com,Bulgaria,200.76.231.95
601-91-0132,Seamus,Silvers,ssilverscw@dell.com,Philippines,200.78.169.55
719-71-6581,Susannah,Andrioni,sandrionicx@people.com.cn,Hungary,178.143.60.205
668-56-4302,Ive,Kearney,ikearneycy@lycos.com,Poland,222.31.86.96
295-98-3342,Caldwell,Tomanek,ctomanekcz@ucoz.com,Vietnam,28.154.16.194
820-29-9177,Lindsy,Stanier,lstanierd0@meetup.com,Indonesia,86.4.89.234
661-22-3857,Dewey,Pendrill,dpendrilld1@cnet.com,Iran,252.211.96.53
835-66-1382,Tami,Howling,thowlingd2@typepad.com,China,231.209.188.68
657-22-0741,Lucretia,Iuorio,liuoriod3@dedecms.com,Indonesia,12.49.62.204
419-90-6056,Kiri,Sandercock,ksandercockd4@feedburner.com,Afghanistan,137.97.253.228
509-97-4650,Harriet,Bril,hbrild5@wix.com,China,191.165.204.161
797-97-3340,Ronnie,Gurnett,rgurnettd6@businesswire.com,Sweden,83.204.103.87
197-48-8057,Beck,Peacham,bpeachamd7@blog.com,Japan,215.97.88.29
814-62-3281,Carolina,Banting,cbantingd8@creativecommons.org,Portugal,155.191.215.132
267-28-9403,Colby,Butt,cbuttd9@psu.edu,Indonesia,119.238.234.237
805-22-3372,Emelina,Panswick,epanswickda@slate.com,Djibouti,105.225.59.10
302-14-5924,Agna,Maude,amaudedb@guardian.co.uk,Poland,29.6.66.182
258-14-1615,Baldwin,Gilpin,bgilpindc@hugedomains.com,Iran,110.200.75.199
379-73-4287,Herbert,Pitrollo,hpitrollodd@list-manage.com,Guatemala,111.211.241.9
627-13-7843,Anthony,Gotling,agotlingde@reddit.com,Ukraine,121.22.228.5
290-48-8886,Jone,MacGiolla,jmacgiolladf@samsung.com,China,73.179.151.60
170-11-7032,Terrie,Balchin,tbalchindg@sitemeter.com,United States,254.41.171.98
477-02-7028,Jesse,Slessar,jslessardh@a8.net,Czech Republic,92.82.215.136
808-64-4135,Janenna,Solleme,jsollemedi@telegraph.co.uk,Indonesia,69.167.149.41
205-44-1420,Elisabeth,Brogi,ebrogidj@printfriendly.com,Argentina,35.145.184.110
219-53-3716,Dorian,Allenson,dallensondk@phpbb.com,South Africa,20.119.206.169
249-31-8181,Shelby,Cleeton,scleetondl@vinaora.com,Sweden,167.202.30.248
660-18-9230,Willa,Colbeck,wcolbeckdm@cnbc.com,Portugal,184.90.253.82
128-96-0723,Ula,Perkis,uperkisdn@webeden.co.uk,France,55.0.122.26
226-83-9795,Daphna,Spataro,dspatarodo@spotify.com,Indonesia,66.98.98.58
741-23-9063,Purcell,Dunnaway,pdunnawaydp@gravatar.com,China,152.221.54.212
696-29-2278,Demott,Warrick,dwarrickdq@e-recht24.de,France,116.200.16.39
548-29-7856,Ari,Zamudio,azamudiodr@abc.net.au,Mexico,162.93.194.134
271-01-5495,Marcelle,Hourican,mhouricands@addthis.com,Palestinian Territory,80.77.113.20
588-80-3858,Dorie,Pavlenkov,dpavlenkovdt@ezinearticles.com,China,174.119.50.7
112-85-8033,Elonore,Riall,erialldu@ucoz.ru,Poland,106.117.87.38
814-41-4822,Adria,Papachristophorou,apapachristophoroudv@usgs.gov,Ireland,93.23.139.51
862-83-9801,Tonya,Hannant,thannantdw@youtu.be,China,176.169.199.175
729-58-2695,Lamont,Baumer,lbaumerdx@wordpress.org,Venezuela,99.63.121.215
812-11-5864,Tony,Grcic,tgrcicdy@comcast.net,China,245.115.105.225
403-53-5691,Roobbie,Pumfrey,rpumfreydz@rambler.ru,China,169.245.193.14
296-01-0788,Burlie,Hallagan,bhallagane0@ask.com,Philippines,56.245.144.29
122-80-3275,Chickie,Aberkirdo,caberkirdoe1@canalblog.com,Russia,30.49.132.210
787-80-0559,Chryste,McCann,cmccanne2@npr.org,France,253.18.33.32
248-69-3897,Parker,Bare,pbaree3@altervista.org,China,222.105.72.248
779-46-9486,Carlye,Rushmere,crushmeree4@mail.ru,Russia,13.215.68.252
746-01-9163,Adrianne,Borwick,aborwicke5@tiny.cc,Portugal,187.91.111.90
359-18-7761,Lydie,Robertis,lrobertise6@disqus.com,China,103.220.78.57
157-80-6975,Hedy,Vanshin,hvanshine7@hud.gov,Indonesia,125.102.148.129
720-03-6071,Whitney,Ellison,wellisone8@instagram.com,Brazil,22.213.11.75
788-40-1524,Carlyn,Huddart,chuddarte9@hp.com,Finland,172.214.61.44
151-34-4466,Gene,Tait,gtaitea@sourceforge.net,Cyprus,37.53.139.32
861-79-2622,Mendie,Reader,mreadereb@fda.gov,China,80.225.213.164
635-43-3124,Mayer,Brewitt,mbrewittec@ucla.edu,China,190.71.135.132
268-52-9164,Shirley,Brealey,sbrealeyed@people.com.cn,Russia,18.57.109.198
861-28-5065,Puff,Gilham,pgilhamee@amazon.co.jp,Brazil,42.67.123.190
627-35-9325,Hernando,Abel,habelef@squarespace.com,Indonesia,156.227.179.55
431-18-9772,Kaylee,Selwyne,kselwyneeg@engadget.com,Bulgaria,191.60.4.135
195-72-4222,Felicdad,Brackley,fbrackleyeh@smh.com.au,Indonesia,240.22.59.148
451-24-2571,Debby,Took,dtookei@zimbio.com,U.S. Virgin Islands,192.39.172.94
455-19-0826,Ritchie,O' Meara,romearaej@hc360.com,China,91.7.54.2
417-08-8282,Bertram,Wallwork,bwallworkek@livejournal.com,Czech Republic,159.92.26.144
309-89-8937,Desirae,Curedell,dcuredellel@google.de,China,63.252.22.57
870-09-0730,Bambi,Shedden,bsheddenem@xing.com,Indonesia,178.217.11.24
636-07-8948,Berti,Comizzoli,bcomizzolien@fc2.com,Malaysia,221.63.51.112
138-06-7029,Davidde,Attfield,dattfieldeo@vinaora.com,Nepal,53.30.222.76
655-89-9329,Corella,Checketts,ccheckettsep@elegantthemes.com,Argentina,237.37.2.165
179-54-7323,Chantalle,Helliwell,chelliwelleq@constantcontact.com,China,169.22.40.214
546-57-0057,Letta,Wallis,lwalliser@blogger.com,Russia,154.94.73.239
378-70-8709,Thorny,Joskowitz,tjoskowitzes@google.com,Philippines,255.36.23.67
416-03-4905,Kasey,Orbine,korbineet@networksolutions.com,France,72.156.149.164
621-73-9337,Daphna,Guiel,dguieleu@ft.com,Czech Republic,164.112.178.113
394-37-8462,Klemens,Barthorpe,kbarthorpeev@vkontakte.ru,Argentina,136.248.95.187
661-20-4192,Marnia,Annis,mannisew@meetup.com,China,49.95.244.167
727-59-6900,Zebulen,Sanchez,zsanchezex@fda.gov,Indonesia,190.112.203.136
795-90-7729,Merrielle,Wrintmore,mwrintmoreey@google.nl,Brazil,62.96.167.20
122-92-1269,Marybeth,Pittson,mpittsonez@nsw.gov.au,Indonesia,123.77.148.0
553-41-4558,Kerry,Kirvin,kkirvinf0@ft.com,China,151.229.75.125
693-82-9043,Saxe,Du Fray,sdufrayf1@ameblo.jp,Brazil,18.141.214.56
379-58-3709,Laure,McKmurrie,lmckmurrief2@list-manage.com,Sweden,49.64.205.185
880-35-2193,Kerry,Maren,kmarenf3@wikimedia.org,Argentina,72.46.34.42
681-99-7851,Horatio,Hanlin,hhanlinf4@posterous.com,Indonesia,88.163.86.198
893-89-6343,Malanie,Hegel,mhegelf5@networksolutions.com,Indonesia,92.9.123.79
166-45-9739,Una,Pineaux,upineauxf6@europa.eu,Netherlands,131.218.167.127
467-43-9234,Esma,Inkle,einklef7@ameblo.jp,Ukraine,186.11.190.236
615-93-8643,Russ,Fuster,rfusterf8@aboutads.info,China,254.113.34.27
716-98-5660,Jackqueline,Ciementini,jciementinif9@drupal.org,China,16.193.194.142
798-18-3684,Hendrik,Spikins,hspikinsfa@icq.com,China,165.0.44.49
832-19-6536,Orbadiah,Mottershead,omottersheadfb@youtube.com,Mozambique,5.7.166.3
419-71-5348,Melicent,Skough,mskoughfc@webnode.com,China,22.231.98.253
179-41-7114,Jenica,Heams,jheamsfd@hhs.gov,Mongolia,92.28.53.113
331-60-5306,Fayth,Windibank,fwindibankfe@japanpost.jp,Indonesia,225.82.150.169
121-43-9951,Beverley,Plesing,bplesingff@lycos.com,France,90.206.11.37
109-04-9415,Ingemar,Culwen,iculwenfg@drupal.org,Brazil,183.61.100.184
304-07-7425,Raeann,Senchenko,rsenchenkofh@google.cn,Indonesia,84.143.75.49
356-98-8985,Allissa,Pinchback,apinchbackfi@hostgator.com,Greece,43.17.206.111
720-62-8677,Lay,Niles,lnilesfj@digg.com,Greece,73.20.184.156
142-98-5680,Ara,Orrock,aorrockfk@jiathis.com,Peru,66.29.78.225
775-85-7564,Minor,Farney,mfarneyfl@issuu.com,Portugal,113.149.190.35
311-94-5317,Mira,Munday,mmundayfm@buzzfeed.com,Colombia,34.209.2.195
451-97-8097,Tabbitha,Spooner,tspoonerfn@flickr.com,Mongolia,252.92.123.18
772-13-6888,Dalt,Jolin,djolinfo@psu.edu,Poland,249.22.107.116
739-06-7098,Olwen,Trevain,otrevainfp@nyu.edu,Portugal,108.54.24.82
322-36-6269,Micah,Kirkman,mkirkmanfq@geocities.jp,South Africa,212.199.113.61
553-73-3855,Janaya,Duddle,jduddlefr@webs.com,China,92.221.37.162
309-52-6782,Wylie,Scintsbury,wscintsburyfs@craigslist.org,South Africa,50.6.204.117
476-27-3202,Ferdinand,Bungey,fbungeyft@examiner.com,United States,115.240.126.171
318-79-3378,Carry,Tick,ctickfu@admin.ch,Croatia,42.215.232.110
138-09-3628,Reeta,Chrichton,rchrichtonfv@stumbleupon.com,United States,215.224.158.9
897-04-1714,Vale,Arstall,varstallfw@cbsnews.com,Dominican Republic,249.255.255.6
127-03-0652,Dicky,Diwell,ddiwellfx@berkeley.edu,Indonesia,238.23.136.111
469-24-2463,Sheff,Hathwood,shathwoodfy@ehow.com,Belarus,48.34.195.17
540-40-5114,Sutherland,Aickin,saickinfz@printfriendly.com,Uganda,152.80.21.187
137-93-0591,Zebulon,Scoates,zscoatesg0@nifty.com,China,97.72.157.135
468-61-0811,Elaine,Colthurst,ecolthurstg1@skyrock.com,Vietnam,34.105.220.62
756-96-1547,Devlin,Wabersinke,dwabersinkeg2@alexa.com,Vietnam,172.64.153.207
335-49-7393,Ogden,Berford,oberfordg3@nationalgeographic.com,Sweden,161.170.10.143
579-31-8459,Teddie,Lilloe,tlilloeg4@surveymonkey.com,Poland,140.228.43.38
113-81-3109,Othilia,Riggoll,origgollg5@independent.co.uk,China,173.252.97.52
248-12-0279,Alma,Blackston,ablackstong6@nba.com,Indonesia,165.176.228.154
732-65-7458,Ada,Rawkesby,arawkesbyg7@opensource.org,Mexico,155.27.44.2
499-66-6475,Rob,Scullion,rsculliong8@icio.us,China,254.55.50.55
120-94-2380,Grantham,Jojic,gjojicg9@cnet.com,Russia,188.41.72.61
699-05-5212,Mufi,Hamor,mhamorga@yandex.ru,Colombia,245.91.244.180
206-12-2829,Ronica,Tomaello,rtomaellogb@constantcontact.com,Ukraine,1.128.71.49
572-82-3234,Darcee,Foyster,dfoystergc@dedecms.com,Argentina,241.5.11.54
803-91-0392,Siward,Willimont,swillimontgd@blinklist.com,Argentina,204.3.42.211
437-72-3396,Alli,Roseaman,aroseamange@uol.com.br,Japan,163.120.206.22
816-68-2227,Grace,Daviot,gdaviotgf@dagondesign.com,China,125.32.143.62
117-34-6579,Bliss,Eton,betongg@behance.net,Russia,16.162.46.151
792-55-3540,Eduard,Geyton,egeytongh@google.pl,Chile,248.77.233.238
896-87-6157,Kayla,Farrington,kfarringtongi@miibeian.gov.cn,Indonesia,57.185.182.6
540-75-9055,Timothea,Beeden,tbeedengj@businessweek.com,China,58.57.241.139
425-85-5124,Pincus,Doiley,pdoileygk@meetup.com,United States,13.125.45.132
851-88-7711,Loren,Ivshin,livshingl@wired.com,Portugal,177.87.121.217
159-07-0233,Eadith,Senett,esenettgm@sciencedaily.com,China,53.176.14.57
703-12-9460,Ingar,Mumbeson,imumbesongn@istockphoto.com,France,207.61.101.155
704-79-7762,Willard,McMeekan,wmcmeekango@businessweek.com,Nigeria,6.11.6.255
670-06-8334,Jared,Randerson,jrandersongp@instagram.com,Ireland,88.161.171.103
647-52-3698,Nicko,Talman,ntalmangq@si.edu,Czech Republic,15.64.69.165
578-46-8113,Terri,Howlett,thowlettgr@amazon.co.uk,Egypt,252.0.246.167
691-13-9486,Avigdor,Shorie,ashoriegs@japanpost.jp,Indonesia,248.37.120.214
737-19-6024,Darrick,Janecek,djanecekgt@pbs.org,Philippines,207.142.102.139
265-98-7040,Konrad,Gozard,kgozardgu@walmart.com,China,194.169.20.241
293-59-7919,Alyosha,Redwing,aredwinggv@biglobe.ne.jp,China,153.233.86.8
843-89-2071,Dorolice,Capper,dcappergw@meetup.com,China,208.211.173.245
876-47-9640,Gary,Tringham,gtringhamgx@mashable.com,Russia,63.164.144.84
662-36-1169,Kiersten,McPartlin,kmcpartlingy@jimdo.com,France,156.84.43.21
537-55-6447,Aylmer,Dornan,adornangz@icio.us,Indonesia,198.235.168.44
110-98-2135,Valaria,Kringe,vkringeh0@edublogs.org,Bosnia and Herzegovina,84.105.0.112
644-87-3147,Tiff,Huff,thuffh1@vkontakte.ru,Cambodia,41.56.218.28
189-09-5872,Roseanne,Griffithe,rgriffitheh2@epa.gov,Argentina,154.20.151.45
616-34-4747,Berty,Schott,bschotth3@google.com.hk,China,162.48.33.51
208-10-6033,Ashlee,Brownscombe,abrownscombeh4@usa.gov,Indonesia,88.107.236.29
333-88-0037,Abey,Guilayn,aguilaynh5@php.net,China,198.142.133.26
451-57-2716,Aurilia,Edden,aeddenh6@constantcontact.com,Taiwan,17.120.93.159
657-99-0521,Dawn,Dorran,ddorranh7@163.com,China,179.72.167.241
873-66-0479,Margaux,Aronin,maroninh8@techcrunch.com,Morocco,161.92.98.212
353-06-3675,Karlik,Koch,kkochh9@xing.com,Finland,176.101.32.37
757-30-3122,Del,Burrass,dburrassha@is.gd,Sweden,156.70.188.116
879-63-1237,Melania,Matys,mmatyshb@sfgate.com,Russia,96.238.34.31
177-08-5673,Kaela,MacCostigan,kmaccostiganhc@cdbaby.com,Japan,138.7.230.251
603-92-9427,Luce,Stouther,lstoutherhd@nymag.com,Sweden,159.247.59.86
751-42-5043,Matias,Firbank,mfirbankhe@ibm.com,China,45.39.63.239
216-90-3460,Trixy,Shurey,tshureyhf@sitemeter.com,Russia,136.181.36.121
331-32-2966,Javier,Humbee,jhumbeehg@delicious.com,Russia,228.253.222.226
266-45-5778,Larisa,Ferrai,lferraihh@japanpost.jp,Finland,102.119.236.230
770-34-0878,Jojo,Fealey,jfealeyhi@archive.org,Ukraine,132.1.87.105
273-55-5492,Eziechiele,Calvard,ecalvardhj@goo.gl,Moldova,144.198.166.199
839-45-5252,Putnam,Holywell,pholywellhk@sogou.com,China,75.35.82.69
444-46-2421,Micheil,Heugel,mheugelhl@sfgate.com,China,207.219.136.221
479-63-6983,Erminia,Fearick,efearickhm@bluehost.com,Indonesia,12.49.169.164
765-82-6004,Sheff,Alliban,sallibanhn@so-net.ne.jp,China,99.115.91.0
718-27-1210,Estele,Reef,ereefho@blogs.com,United States,53.219.192.246
553-64-9470,Kliment,Duchan,kduchanhp@oaic.gov.au,Philippines,23.195.196.74
241-56-5077,Monah,Okenden,mokendenhq@youtube.com,Greece,146.66.249.39
842-02-8284,Crissy,Goodbar,cgoodbarhr@barnesandnoble.com,Russia,191.129.154.88
830-76-1501,Theresa,Scarff,tscarffhs@apache.org,Thailand,118.79.53.48
179-21-7416,Elwyn,Dassindale,edassindaleht@trellian.com,Portugal,87.11.145.22
701-92-4528,Micaela,McGairl,mmcgairlhu@blog.com,Poland,126.191.159.169
167-11-8851,Morna,Noweak,mnoweakhv@deliciousdays.com,Poland,158.152.56.31
466-24-4453,Cammy,De Beneditti,cdebenedittihw@gizmodo.com,Brazil,145.23.47.106
194-73-4878,Moritz,Tasseler,mtasselerhx@e-recht24.de,Colombia,188.205.189.253
452-39-1147,Editha,Burnsall,eburnsallhy@marriott.com,Portugal,190.94.92.136
444-06-4329,Darn,Butler-Bowdon,dbutlerbowdonhz@bloomberg.com,Indonesia,127.101.191.200
805-41-1506,Francisco,Muldrew,fmuldrewi0@gravatar.com,Poland,240.141.44.32
353-42-4981,Hector,Frentz,hfrentzi1@cpanel.net,Japan,149.36.10.111
639-18-6582,Lina,Buckmaster,lbuckmasteri2@dion.ne.jp,Argentina,78.139.56.250
682-01-5745,Hazel,Wolfenden,hwolfendeni3@github.com,Indonesia,148.6.6.250
295-01-0824,Conrad,Moffett,cmoffetti4@opensource.org,Nigeria,35.69.205.116
157-63-6529,Augustina,MacCarrane,amaccarranei5@google.es,South Africa,102.208.184.24
173-42-6134,Cherry,Renol,crenoli6@vk.com,Japan,35.39.14.243
623-65-8912,Elianora,Bransom,ebransomi7@forbes.com,China,132.237.56.2
507-27-4865,Rowen,Robic,rrobici8@narod.ru,Sweden,38.99.238.137
203-91-6774,Sheryl,Hixson,shixsoni9@reuters.com,Portugal,164.5.231.0
591-72-6683,Brittney,Gaukrodge,bgaukrodgeia@newyorker.com,Lithuania,234.222.10.22
795-40-6622,Montague,Malthus,mmalthusib@acquirethisname.com,Colombia,236.110.10.1
747-86-2848,Bertrand,Archbell,barchbellic@prnewswire.com,Indonesia,200.120.87.22
732-18-1404,Nelie,Sheringham,nsheringhamid@hugedomains.com,France,228.252.222.20
203-79-2034,Claribel,Columbell,ccolumbellie@quantcast.com,Azerbaijan,162.171.203.173
374-50-7748,Puff,Varne,pvarneif@virginia.edu,Colombia,171.135.226.199
470-34-5970,Amalita,Deschlein,adeschleinig@latimes.com,Czech Republic,158.145.23.243
712-06-7344,Jan,Dawidowitsch,jdawidowitschih@booking.com,Russia,39.165.90.229
581-23-7109,Wallache,Moncreif,wmoncreifii@icio.us,Slovenia,40.30.114.231
376-41-9393,Rawley,Russell,rrussellij@acquirethisname.com,China,224.183.205.178
215-42-3081,Mariellen,Crunden,mcrundenik@multiply.com,Haiti,244.159.164.198
257-23-3578,Gerianne,Gibling,ggiblingil@macromedia.com,Portugal,52.194.135.20
422-20-0896,Ronnie,Muckleston,rmucklestonim@usda.gov,China,161.192.120.129
799-19-3750,Pyotr,Ricciardelli,pricciardelliin@ifeng.com,Mongolia,255.101.88.11
481-29-7754,Sharai,Alvis,salvisio@yale.edu,Brazil,190.133.242.50
647-59-7593,Hilary,Harrowsmith,hharrowsmithip@aboutads.info,Bulgaria,125.108.254.234
268-45-9221,Janela,Sheards,jsheardsiq@people.com.cn,Argentina,122.48.108.158
808-25-3154,Bernadene,Figliovanni,bfigliovanniir@seesaa.net,Mexico,56.95.82.151
299-45-3797,Tansy,Peppard,tpeppardis@businessweek.com,China,173.60.153.16
288-40-2796,Karylin,Lys,klysit@foxnews.com,China,119.57.1.80
194-17-5991,Avis,Treagus,atreagusiu@mit.edu,Indonesia,6.86.174.21
133-61-3516,Alaine,Adhams,aadhamsiv@mayoclinic.com,Malta,149.60.249.14
815-20-4144,Lonni,Dwine,ldwineiw@mozilla.org,Brazil,141.177.33.17
756-17-7170,Ashlen,Ivie,aivieix@sun.com,Bolivia,47.97.156.40
888-51-0019,Annecorinne,Sahnow,asahnowiy@privacy.gov.au,Russia,146.194.62.225
726-03-8522,Fidelity,Seine,fseineiz@nature.com,France,190.105.172.136
188-12-1502,Richie,Petroulis,rpetroulisj0@goo.ne.jp,Peru,40.218.146.203
558-62-9321,Loraine,Eyes,leyesj1@wikipedia.org,Portugal,247.13.97.56
335-12-1340,Reginald,Burge,rburgej2@e-recht24.de,Belgium,27.86.109.182
589-68-9643,Concettina,Crocumbe,ccrocumbej3@ning.com,Brazil,254.35.152.69
295-14-1176,Vanny,MacSween,vmacsweenj4@nytimes.com,China,236.225.48.236
582-83-0890,Shanan,Jinkin,sjinkinj5@sun.com,Morocco,173.94.68.77
149-47-4882,Idaline,Caygill,icaygillj6@dedecms.com,China,172.227.180.114
208-42-1900,Moyna,Prettyman,mprettymanj7@desdev.cn,Serbia,173.204.108.230
101-77-9213,Sydelle,Heatly,sheatlyj8@about.com,Russia,190.153.235.154
875-24-9471,Patton,Tettersell,ptettersellj9@ucsd.edu,China,45.45.89.238
851-91-7813,Rodina,Agnolo,ragnoloja@angelfire.com,Azerbaijan,180.61.84.13
236-15-0954,Alvis,Dabel,adabeljb@4shared.com,Malta,172.167.191.247
732-53-3768,Celine,Tomlins,ctomlinsjc@mashable.com,Honduras,64.255.114.235
590-87-8726,Merola,Josephsen,mjosephsenjd@apple.com,Belgium,131.37.30.12
713-29-5562,Katie,Kaes,kkaesje@economist.com,Indonesia,60.255.72.123
310-58-1457,Donall,Gagan,dgaganjf@blog.com,China,211.158.154.111
867-50-8336,Dulsea,Habbal,dhabbaljg@purevolume.com,Sweden,99.101.65.238
479-92-5543,Patricio,Cashin,pcashinjh@uiuc.edu,China,101.165.208.243
168-21-5540,Karoline,Attock,kattockji@alexa.com,China,129.41.56.13
140-44-3782,Sabra,Bowley,sbowleyjj@deviantart.com,Russia,234.107.162.152
702-93-0115,Jerrie,Carnow,jcarnowjk@storify.com,Macedonia,107.143.32.116
589-73-9506,Gerald,Dailey,gdaileyjl@cisco.com,China,21.220.80.85
668-60-6414,Gaspar,Dahmke,gdahmkejm@ehow.com,China,148.15.130.58
461-22-9920,Nonie,Triggel,ntriggeljn@acquirethisname.com,Thailand,63.81.199.153
388-69-7051,Hugh,Haine,hhainejo@washingtonpost.com,Indonesia,196.231.189.89
783-77-5970,Margo,Pennigar,mpennigarjp@oracle.com,China,253.210.50.202
696-46-2795,Shea,Shama,sshamajq@symantec.com,Philippines,0.160.202.39
213-62-7320,Whitney,Caldera,wcalderajr@japanpost.jp,Poland,68.183.190.143
719-65-9099,Kennith,Whichelow,kwhichelowjs@scientificamerican.com,Brazil,141.119.92.4
630-90-5388,Blaire,Gobbet,bgobbetjt@cornell.edu,Philippines,184.192.75.157
478-83-5942,Farley,Cubitt,fcubittju@theglobeandmail.com,Sweden,178.38.14.32
131-69-5193,Gabriele,Beauchamp,gbeauchampjv@php.net,Iran,23.57.28.32
433-37-2544,Shanta,Godby,sgodbyjw@trellian.com,Indonesia,210.105.13.38
408-67-1083,Leese,Meagher,lmeagherjx@google.com.br,Russia,24.54.238.6
419-41-3689,Gina,Mc Combe,gmccombejy@angelfire.com,Canada,77.87.84.5
424-93-6797,Krishna,Bebbell,kbebbelljz@imgur.com,Nepal,133.30.176.149
106-09-7832,Hildegaard,Balasini,hbalasinik0@artisteer.com,China,208.2.178.247
304-07-4147,Harriette,Hadlington,hhadlingtonk1@cornell.edu,Tajikistan,168.33.3.89
353-69-4400,Peta,Feedome,pfeedomek2@furl.net,Japan,127.217.246.80
412-43-2374,Kippie,Dumberrill,kdumberrillk3@ning.com,Ghana,0.204.24.225
544-49-8176,Elisabeth,Goodsall,egoodsallk4@360.cn,Indonesia,82.85.185.11
794-40-6328,Eveline,Bulbeck,ebulbeckk5@mozilla.com,Indonesia,32.22.40.62
777-43-3791,Vergil,Yorath,vyorathk6@java.com,Turkmenistan,47.87.158.243
128-47-2728,Ripley,Mundell,rmundellk7@slideshare.net,United States,79.185.202.244
279-14-6292,Chad,Ransome,cransomek8@printfriendly.com,Spain,236.213.94.61
505-75-9666,Roxane,Leipold,rleipoldk9@people.com.cn,Lebanon,142.200.6.47
397-09-8450,Staci,Mein,smeinka@unc.edu,Poland,157.15.216.53
353-03-0311,Baryram,Spilstead,bspilsteadkb@wunderground.com,China,149.31.119.54
621-80-4078,Stephana,Fildes,sfildeskc@princeton.edu,China,49.213.43.44
799-75-5173,Leeland,Camoys,lcamoyskd@purevolume.com,Trinidad and Tobago,90.198.39.138
483-44-9656,Arnold,Baack,abaackke@latimes.com,China,55.28.208.190
329-92-3570,Rodi,Lipman,rlipmankf@bloomberg.com,Trinidad and Tobago,14.105.240.122
115-52-0809,Moore,Chatan,mchatankg@prlog.org,Poland,186.63.227.34
143-92-1279,Catie,Babin,cbabinkh@cornell.edu,Argentina,254.12.246.208
170-74-1831,Maureene,Redmell,mredmellki@sciencedirect.com,Ukraine,44.92.172.8
175-37-2966,Orland,Sturror,osturrorkj@go.com,China,126.12.0.14
311-17-9109,Fanechka,Eggleton,feggletonkk@cloudflare.com,Greece,39.61.33.135
168-39-6902,Scot,Ablitt,sablittkl@infoseek.co.jp,Philippines,108.217.161.124
591-30-8870,Arleyne,Carlisle,acarlislekm@devhub.com,Russia,131.170.17.109
385-89-0967,Nancee,Logsdale,nlogsdalekn@liveinternet.ru,Indonesia,242.215.74.156
894-11-1894,Shayne,Gill,sgillko@cbc.ca,Indonesia,67.228.231.92
171-63-2056,Papagena,Brafferton,pbraffertonkp@slideshare.net,Honduras,96.77.245.3
680-35-7183,Zsa zsa,Ashworth,zashworthkq@columbia.edu,Bhutan,4.112.58.150
510-10-1746,Grady,Loram,gloramkr@ow.ly,Isle of Man,183.154.147.214
117-35-0976,Annabell,Morad,amoradks@live.com,Bhutan,251.23.63.30
719-40-7624,Norri,Atkin,natkinkt@ezinearticles.com,Croatia,207.147.65.62
185-78-7588,Peg,Ceschi,pceschiku@bing.com,Russia,52.138.170.207
198-26-8708,Audie,Ondrak,aondrakkv@independent.co.uk,French Polynesia,12.65.96.130
271-93-8064,Dunn,Lacky,dlackykw@twitpic.com,Indonesia,161.157.27.244
418-32-7654,Brooke,Tibalt,btibaltkx@cbsnews.com,Malawi,210.15.85.13
770-74-0132,Jessey,Esposito,jespositoky@hexun.com,Indonesia,200.1.89.123
659-39-4823,Kimberly,Miller,kmillerkz@wikipedia.org,Indonesia,165.106.104.101
410-03-8369,Ermina,Petcher,epetcherl0@wufoo.com,Czech Republic,23.22.16.180
215-61-5832,Ofelia,Murty,omurtyl1@wufoo.com,Indonesia,115.230.141.233
434-05-8974,Basia,Clayill,bclayilll2@geocities.com,China,246.169.19.144
626-11-8657,Brenna,Devas,bdevasl3@berkeley.edu,Philippines,164.44.59.195
613-25-8125,Alysia,Piken,apikenl4@photobucket.com,Peru,37.54.4.155
366-10-0792,Liza,Jeffress,ljeffressl5@smh.com.au,France,85.220.23.33
882-96-4520,Myranda,Pepall,mpepalll6@sourceforge.net,Afghanistan,68.169.247.189
870-59-7618,Kylie,Baskeyfied,kbaskeyfiedl7@mysql.com,Denmark,101.255.228.175
414-70-9116,Adriaens,Mauger,amaugerl8@e-recht24.de,United States,70.23.244.103
279-26-3593,Carmel,Houchen,chouchenl9@umn.edu,Philippines,224.95.61.83
760-78-5180,Vale,O' Clovan,voclovanla@ebay.co.uk,Czech Republic,25.179.205.92
763-17-3737,Bridgette,Donaher,bdonaherlb@google.fr,Brazil,201.58.85.240
147-27-4085,Torey,Bittany,tbittanylc@shinystat.com,Brazil,113.51.248.97
560-49-0874,Noble,Adrain,nadrainld@state.gov,Indonesia,108.248.144.21
883-86-9629,Morgan,Taks,mtaksle@google.es,China,11.139.222.209
347-23-8223,Lulita,Parrett,lparrettlf@yelp.com,China,251.187.219.35
284-72-8593,Bing,Hatz,bhatzlg@berkeley.edu,Ukraine,6.250.23.164
209-73-3163,Tatiania,Clemonts,tclemontslh@hud.gov,France,160.199.197.164
502-47-7670,Blythe,Prophet,bprophetli@hp.com,Poland,30.27.32.33
297-40-6072,Dorri,McKeever,dmckeeverlj@nhs.uk,China,215.54.49.207
412-96-0691,Benjamin,Callendar,bcallendarlk@dot.gov,Portugal,236.40.209.14
612-41-8149,Averil,Gentsch,agentschll@ow.ly,Sweden,183.102.78.104
208-93-5871,Sidonnie,Whaites,swhaiteslm@army.mil,Philippines,132.137.183.72
886-29-0865,Nerti,Ferencz,nferenczln@cocolog-nifty.com,Argentina,130.235.165.19
562-58-4471,Domeniga,Grisard,dgrisardlo@gmpg.org,Ukraine,24.72.230.145
708-37-0098,Adara,Barthelet,abartheletlp@google.com.br,Russia,41.226.9.153
865-76-0805,Alvin,Tale,atalelq@rediff.com,Macedonia,87.148.84.192
528-58-6772,Philis,Jacob,pjacoblr@mail.ru,Netherlands,161.205.45.37
583-89-8630,Gabriello,Quincee,gquinceels@fema.gov,France,54.157.158.76
338-44-2795,Junie,Asee,jaseelt@ask.com,Philippines,66.47.82.195
786-80-1433,Royal,Kocher,rkocherlu@imageshack.us,Chile,122.250.219.194
809-05-7688,Laurella,Doogan,ldooganlv@imageshack.us,Morocco,230.126.198.25
600-90-1924,Thorvald,Broadbent,tbroadbentlw@blogger.com,Argentina,48.239.177.219
562-83-8936,Blisse,Borrell,bborrelllx@google.de,China,109.158.43.98
851-19-4892,Lin,Lieb,lliebly@squarespace.com,Finland,68.174.242.120
236-99-9252,Clyve,Nelm,cnelmlz@yahoo.co.jp,Poland,237.198.61.113
419-06-0631,Britni,Blenkharn,bblenkharnm0@china.com.cn,China,221.62.173.19
493-95-4260,Del,Verbeek,dverbeekm1@mlb.com,Philippines,187.25.123.185
876-20-3337,Debora,Trethowan,dtrethowanm2@usgs.gov,Slovenia,229.237.92.158
508-23-5515,Naoma,Dengate,ndengatem3@wordpress.org,Czech Republic,22.246.109.184
154-72-2912,Roobbie,Boldry,rboldrym4@addthis.com,Indonesia,42.166.36.82
424-45-9299,Roda,Boutell,rboutellm5@sitemeter.com,Sudan,201.29.26.169
126-54-1728,Adriano,Cotelard,acotelardm6@pbs.org,South Africa,111.242.240.32
395-09-8196,Max,Jorioz,mjoriozm7@examiner.com,Vietnam,149.113.220.159
655-39-5173,Armin,Upsale,aupsalem8@pbs.org,Sweden,82.252.23.35
352-54-5012,Mair,Rosensaft,mrosensaftm9@rakuten.co.jp,Peru,189.207.84.169
741-27-4552,Mayne,Rylstone,mrylstonema@photobucket.com,Ukraine,192.15.182.163
348-35-2175,Dewey,Swash,dswashmb@mozilla.org,Indonesia,138.178.190.165
881-94-2509,Jeremy,Storie,jstoriemc@yolasite.com,Philippines,218.16.203.23
432-02-2604,Jillene,Maybury,jmayburymd@nymag.com,Indonesia,57.179.226.224
679-69-7878,Odelle,Mellonby,omellonbyme@nbcnews.com,Thailand,135.114.175.3
305-19-5972,Gerhardt,Dorey,gdoreymf@virginia.edu,Venezuela,190.167.51.155
234-35-3900,Rhoda,Pering,rperingmg@ustream.tv,Brazil,132.115.189.91
472-70-5893,Augusta,Greenalf,agreenalfmh@ihg.com,Mexico,40.133.184.37
610-42-8209,Gasper,Ganing,gganingmi@jugem.jp,Iran,226.138.50.156
788-31-8227,Griffith,Itscowics,gitscowicsmj@ameblo.jp,Peru,182.203.97.198
325-76-1871,Goddart,Zoellner,gzoellnermk@google.com,Brazil,255.160.67.195
377-69-3340,Janaya,Tembey,jtembeyml@artisteer.com,Armenia,186.25.14.218
817-32-0099,Nobie,Mattusov,nmattusovmm@woothemes.com,Lithuania,210.92.98.236
244-32-3475,Bryon,Raunds,braundsmn@deviantart.com,Russia,235.179.45.31
404-41-0396,Kassi,Dickerson,kdickersonmo@flavors.me,Brazil,153.164.237.15
654-88-1068,Isidora,Gareisr,igareisrmp@abc.net.au,Norway,4.109.245.179
615-10-4557,Humberto,Sporner,hspornermq@example.com,Mauritius,30.183.60.169
641-24-9498,Gunar,Gates,ggatesmr@opensource.org,China,238.141.246.85
360-84-7628,Mattheus,Stanners,mstannersms@freewebs.com,Estonia,12.43.47.114
229-42-2764,Joanna,Merrgan,jmerrganmt@pagesperso-orange.fr,Czech Republic,35.233.198.137
342-86-3112,Jacklyn,Nizet,jnizetmu@tripadvisor.com,Philippines,191.52.182.157
480-18-6021,Carolyne,Chopping,cchoppingmv@last.fm,Brazil,170.227.20.29
306-32-0132,Judy,Welldrake,jwelldrakemw@latimes.com,China,52.66.66.59
828-31-8207,Madalena,Bickley,mbickleymx@foxnews.com,China,30.225.34.111
773-78-1814,Rhona,Masterson,rmastersonmy@google.it,China,26.185.224.44
116-77-9953,Ahmad,Wyvill,awyvillmz@craigslist.org,Indonesia,112.178.0.247
355-06-9212,Hildy,Wink,hwinkn0@amazon.co.uk,China,122.25.72.168
848-10-7804,Eadmund,Ecob,eecobn1@sourceforge.net,China,111.145.36.125
489-80-0304,Lyndsey,Dellow,ldellown2@tiny.cc,Russia,46.61.53.32
779-23-6625,Toby,Lohering,tloheringn3@live.com,Benin,126.216.72.67
128-91-6152,Margy,Hayman,mhaymann4@furl.net,Portugal,160.118.215.231
536-71-1444,Sig,O'Sesnane,sosesnanen5@bbc.co.uk,South Africa,40.205.246.24
509-42-5471,Nils,Braghini,nbraghinin6@cpanel.net,Indonesia,4.243.234.58
190-78-5123,Josie,Cocklie,jcocklien7@amazon.com,Indonesia,215.105.228.123
332-78-0065,Job,Harsent,jharsentn8@stumbleupon.com,China,201.98.146.96
381-82-6563,Alvira,Bastistini,abastistinin9@typepad.com,Bulgaria,32.190.244.246
721-07-3093,Filberte,Hincks,fhincksna@miitbeian.gov.cn,Japan,223.252.254.170
649-26-4552,Sheri,O'Duggan,soduggannb@seesaa.net,Bolivia,10.200.157.26
525-19-0536,Sunshine,Ludgrove,sludgrovenc@noaa.gov,Cuba,134.221.1.222
377-47-5961,Melissa,Holdworth,mholdworthnd@networkadvertising.org,China,191.191.24.68
214-77-3357,Zola,Del Dello,zdeldellone@usda.gov,South Sudan,158.108.117.93
325-89-2224,Eachelle,Duffyn,eduffynnf@tinyurl.com,Philippines,45.172.242.250
759-92-3735,Reube,Thyer,rthyerng@imageshack.us,Nigeria,205.67.60.77
804-28-3773,Kurtis,Childes,kchildesnh@ask.com,Ireland,191.183.206.240
657-85-3224,Judi,Born,jbornni@tamu.edu,Portugal,167.146.125.170
804-16-5828,Isis,Bilbee,ibilbeenj@microsoft.com,Philippines,170.169.231.231
755-67-6244,Ralf,Knibb,rknibbnk@cornell.edu,Sweden,36.214.39.118
470-17-2687,Elle,Douglass,edouglassnl@barnesandnoble.com,Peru,81.120.8.4
296-37-9082,Nikos,Barti,nbartinm@opera.com,China,16.150.59.208
889-95-4512,Crista,Mundy,cmundynn@nifty.com,Greece,57.13.231.197
467-59-2121,Hilario,Braikenridge,hbraikenridgeno@nps.gov,Serbia,184.119.89.196
424-30-0152,Dame,Gallally,dgallallynp@mediafire.com,China,222.189.96.249
828-20-5730,Dael,Burfield,dburfieldnq@homestead.com,Belarus,254.11.166.105
626-70-0417,Ramsay,De Simone,rdesimonenr@nymag.com,China,110.68.252.170
529-16-6389,Paxton,Idell,pidellns@opensource.org,Russia,125.120.112.201
340-25-9492,Boris,Headly,bheadlynt@flavors.me,Indonesia,216.142.228.218
657-93-0667,Ive,Vernau,ivernaunu@studiopress.com,China,244.35.199.62
320-67-2782,Ara,Boggis,aboggisnv@auda.org.au,Indonesia,224.104.241.29
391-98-2779,Nancy,Shuter,nshuternw@furl.net,Canada,218.67.171.3
371-66-8868,Ashlan,Melville,amelvillenx@hao123.com,Portugal,97.203.96.43
337-41-7746,Balduin,Chotty,bchottyny@miibeian.gov.cn,Russia,247.54.60.205
445-92-9167,Christin,Gurrado,cgurradonz@ovh.net,Uzbekistan,184.225.117.186
683-19-8397,Jeana,Josifovic,jjosifovico0@smh.com.au,Russia,233.192.145.145
565-60-1945,Simone,Macari,smacario1@who.int,Philippines,47.60.136.182
736-63-5286,Katleen,Caudrey,kcaudreyo2@shop-pro.jp,Indonesia,119.217.113.246
566-89-0903,Brenden,Prigg,bpriggo3@chicagotribune.com,Russia,191.14.246.3
638-22-6333,Vasilis,McKearnen,vmckearneno4@odnoklassniki.ru,China,143.127.134.227
370-92-6235,Jonis,Tenniswood,jtenniswoodo5@aol.com,Indonesia,187.137.167.98
685-05-1232,Inga,Waggitt,iwaggitto6@time.com,Argentina,185.58.238.105
897-29-1106,Raddy,Whitington,rwhitingtono7@diigo.com,Poland,184.12.22.54
582-19-5828,Darlleen,Tinmouth,dtinmoutho8@163.com,Albania,31.100.69.191
605-11-0572,Cynthie,Gliddon,cgliddono9@linkedin.com,Czech Republic,178.214.162.213
110-11-7338,Vittorio,McCaw,vmccawoa@icio.us,Portugal,126.124.168.110
160-42-6795,Lilian,Kivelle,lkivelleob@noaa.gov,France,161.126.14.128
150-54-2651,Adolpho,Redpath,aredpathoc@barnesandnoble.com,China,238.146.155.185
231-44-4444,Crichton,Heinsius,cheinsiusod@mozilla.com,Russia,57.123.250.164
493-20-0718,Sandro,Carse,scarseoe@npr.org,Argentina,216.120.14.128
433-89-1315,Alicea,Morilla,amorillaof@i2i.jp,China,122.222.150.250
894-23-9248,Abbye,Muldrew,amuldrewog@cdc.gov,Russia,253.76.163.98
296-78-1577,Nicolea,Swapp,nswappoh@amazon.com,Russia,210.113.71.151
850-75-7356,Kimball,Schout,kschoutoi@youtube.com,China,203.142.192.38
401-21-6982,Allsun,Eisig,aeisigoj@cmu.edu,China,208.189.58.113
765-55-4180,Way,Greenhowe,wgreenhoweok@csmonitor.com,Colombia,207.6.243.193
322-43-8346,Tana,Sirmond,tsirmondol@mail.ru,China,153.241.96.118
794-42-5004,Layney,Kear,lkearom@hubpages.com,Tunisia,6.238.111.152
857-83-3654,Gustaf,Burnup,gburnupon@parallels.com,Russia,22.71.74.119
573-58-4780,Gretna,Edgett,gedgettoo@acquirethisname.com,Venezuela,20.138.110.35
685-14-9401,Paco,Zannotti,pzannottiop@nba.com,Spain,20.113.22.129
686-31-4950,Sigismund,Kempe,skempeoq@t-online.de,Russia,23.247.215.154
200-60-2357,Blinnie,Scanes,bscanesor@devhub.com,Laos,218.170.179.233
291-32-4652,Olia,Harriott,oharriottos@harvard.edu,France,31.252.228.100
697-64-5380,Fidel,Gerren,fgerrenot@yelp.com,Indonesia,17.174.136.77
446-53-0373,Todd,Weond,tweondou@liveinternet.ru,China,157.83.156.151
574-87-3694,Brita,Layson,blaysonov@163.com,Indonesia,145.60.219.67
248-19-4130,Eugene,Harmant,eharmantow@skype.com,China,226.69.197.100
621-22-2550,Rodolph,March,rmarchox@answers.com,Russia,103.63.61.120
480-45-7042,Peg,Roubay,proubayoy@hhs.gov,China,120.207.45.87
324-88-4981,Barron,Keddey,bkeddeyoz@skype.com,Afghanistan,118.156.7.139
462-05-5798,Candie,Gooding,cgoodingp0@cisco.com,Mexico,5.64.185.226
744-88-6962,Sly,Poytres,spoytresp1@yahoo.co.jp,China,233.132.101.43
407-98-3351,Mechelle,Ashbey,mashbeyp2@wordpress.org,China,82.255.197.148
514-28-2138,Wendye,Davenall,wdavenallp3@reference.com,Indonesia,150.43.215.115
700-05-5142,Hebert,Veivers,hveiversp4@nps.gov,Ukraine,150.137.54.98
858-39-2120,Hedwiga,Plester,hplesterp5@macromedia.com,Czech Republic,199.255.121.242
265-03-6177,Kerrin,Ferrarotti,kferrarottip6@netscape.com,Kosovo,216.95.83.79
395-95-9853,Johan,Longfellow,jlongfellowp7@vinaora.com,Russia,101.186.213.102
811-36-5307,Genevra,Collumbell,gcollumbellp8@de.vu,Philippines,170.72.11.227
541-57-7262,Standford,Le Estut,sleestutp9@netscape.com,Kazakhstan,26.248.46.84
158-65-4699,Cheston,Tomsen,ctomsenpa@altervista.org,China,30.56.134.155
231-22-9752,Sancho,Cancott,scancottpb@plala.or.jp,China,210.201.17.95
489-61-9662,Constantina,Drake,cdrakepc@msn.com,Portugal,175.6.42.165
264-65-9709,Nichol,Shearmer,nshearmerpd@google.com.br,Ivory Coast,205.187.32.72
297-74-3788,Wright,Lober,wloberpe@noaa.gov,Tunisia,65.77.201.37
181-70-5429,Allys,Havik,ahavikpf@bandcamp.com,Finland,17.52.157.138
824-48-2685,Bourke,Hateley,bhateleypg@imdb.com,China,232.100.16.247
373-22-2248,Carlene,Mortell,cmortellph@youku.com,Peru,36.133.3.145
712-25-0405,Pen,O'Loughlin,poloughlinpi@mayoclinic.com,China,237.142.194.180
672-61-2866,Willow,Durbin,wdurbinpj@msn.com,China,244.193.182.47
529-07-0500,Joell,Milvarnie,jmilvarniepk@is.gd,Indonesia,146.43.77.75
250-77-0018,Joelle,Perett,jperettpl@comcast.net,China,205.148.133.176
838-93-5058,Elianore,Paraman,eparamanpm@xing.com,China,81.177.88.121
625-38-3897,Lemuel,Kalaher,lkalaherpn@sfgate.com,Ukraine,3.74.199.184
252-59-8545,Lambert,Ledwith,lledwithpo@washingtonpost.com,China,135.57.177.194
417-23-9860,Benjamin,Swyn,bswynpp@istockphoto.com,China,115.85.101.117
118-31-7768,Renell,Madner,rmadnerpq@guardian.co.uk,Poland,67.41.175.193
100-56-2819,Shirley,Piggins,spigginspr@symantec.com,China,160.14.199.64
130-81-6779,Madonna,Darnbrough,mdarnbroughps@addthis.com,China,116.156.86.221
157-69-0400,Ellerey,Circuit,ecircuitpt@gravatar.com,China,96.143.253.225
457-58-1942,Bessie,Maylor,bmaylorpu@earthlink.net,Brazil,183.36.180.156
445-25-0480,Michaella,Kenright,mkenrightpv@hostgator.com,United States,145.112.165.201
888-45-9415,Lowe,Summerscales,lsummerscalespw@canalblog.com,Madagascar,209.27.135.41
398-63-7397,Basil,Oldridge,boldridgepx@cnbc.com,Russia,25.111.31.140
473-33-8715,Kial,Moyler,kmoylerpy@canalblog.com,Venezuela,182.195.217.58
533-47-2309,Mair,Coupe,mcoupepz@amazon.co.uk,France,173.253.237.92
808-08-4753,Brucie,Wordsley,bwordsleyq0@booking.com,Russia,182.171.79.97
616-01-3126,Morissa,Redpath,mredpathq1@histats.com,Indonesia,223.219.168.16
669-79-0005,Sibley,Heningam,sheningamq2@simplemachines.org,Belarus,213.149.36.162
793-46-2075,Layney,Partridge,lpartridgeq3@va.gov,China,45.122.15.137
775-23-6318,Ophelie,Dorie,odorieq4@columbia.edu,Poland,77.232.180.79
302-30-8221,Benedetto,Gouldsmith,bgouldsmithq5@freewebs.com,China,221.222.14.131
814-48-1568,Moritz,Wisbey,mwisbeyq6@hatena.ne.jp,Iran,204.192.169.231
707-30-6417,Maxy,Vowden,mvowdenq7@t.co,United States,144.18.210.124
452-09-4456,Maureene,Hagger,mhaggerq8@abc.net.au,Mexico,25.49.252.123
653-08-2147,Ber,Slinger,bslingerq9@shutterfly.com,China,69.133.56.89
876-84-5176,Caesar,Desforges,cdesforgesqa@newyorker.com,Belarus,183.57.95.204
885-53-9404,Niels,Lishman,nlishmanqb@hubpages.com,Indonesia,125.99.196.93
574-08-9517,Normie,Catterill,ncatterillqc@sogou.com,Brazil,58.4.141.112
391-44-5089,Patten,Etheridge,petheridgeqd@weibo.com,Philippines,202.91.129.96
268-19-5516,Enrique,Hollyman,ehollymanqe@1und1.de,Jamaica,66.83.219.129
293-66-6998,Augustine,Howman,ahowmanqf@aboutads.info,Guatemala,124.234.177.240
324-58-1664,Jeromy,Cheyne,jcheyneqg@amazon.co.uk,Russia,128.133.30.122
258-40-9894,Glenine,Ivan,givanqh@arizona.edu,Russia,26.94.43.18
895-54-4169,Hetty,Insole,hinsoleqi@vinaora.com,Portugal,109.7.203.205
840-47-1646,Patrica,Clemits,pclemitsqj@yelp.com,Jamaica,22.13.166.76
643-25-1993,York,Flatt,yflattqk@youtu.be,China,202.11.34.231
593-29-4042,Kacey,Barby,kbarbyql@cornell.edu,France,165.227.136.162
481-03-3733,Teddy,Phinn,tphinnqm@mayoclinic.com,Ireland,51.186.74.220
280-23-5698,Margareta,Daens,mdaensqn@ted.com,Sweden,17.209.119.71
376-28-8062,Ulrica,Harme,uharmeqo@issuu.com,Brazil,102.160.233.216
325-94-0350,Mahala,Brazel,mbrazelqp@globo.com,Mexico,163.217.198.43
126-25-7794,Levy,Findlater,lfindlaterqq@sun.com,Indonesia,253.217.204.204
248-40-0425,Pearl,Mapes,pmapesqr@paginegialle.it,China,40.195.45.80
488-25-5415,Bonnibelle,Morcomb,bmorcombqs@senate.gov,China,75.81.189.34
485-62-6049,Doug,Tancock,dtancockqt@etsy.com,Russia,97.159.104.140
741-68-4927,Griff,Chasemore,gchasemorequ@gmpg.org,Comoros,234.34.217.192
331-70-0840,Hildegaard,Ewins,hewinsqv@1688.com,Peru,25.255.241.179
255-20-4403,Oates,Ogelbe,oogelbeqw@gnu.org,Brazil,88.247.84.111
282-44-0159,Jennilee,Sarge,jsargeqx@nydailynews.com,Indonesia,50.236.237.167
877-48-1117,Bartlet,Willwood,bwillwoodqy@toplist.cz,Japan,67.89.146.47
275-52-2831,Darn,Zimmer,dzimmerqz@squarespace.com,China,93.250.252.239
671-07-4657,Chrystel,Crock,ccrockr0@a8.net,United States,109.149.58.93
120-37-5387,Blane,Bernier,bbernierr1@tuttocitta.it,China,202.170.131.224
681-26-1939,Auberta,Reekie,areekier2@photobucket.com,Saudi Arabia,35.76.226.99
121-54-2783,Ailina,Stickler,asticklerr3@acquirethisname.com,Guinea,145.226.160.224
282-12-2635,Pail,Neve,pnever4@slate.com,China,30.75.143.212
672-71-5383,Hilliary,Cockarill,hcockarillr5@hostgator.com,China,184.84.214.93
715-79-0184,Thelma,Pershouse,tpershouser6@creativecommons.org,Ireland,212.159.38.195
627-47-6857,Marven,Crohan,mcrohanr7@4shared.com,Afghanistan,70.194.83.18
540-60-4521,Marv,Sharper,msharperr8@irs.gov,Colombia,18.239.75.81
142-59-7480,Garrard,Samber,gsamberr9@nature.com,Russia,147.82.73.58
381-72-6005,Issie,Lyenyng,ilyenyngra@sciencedirect.com,South Korea,212.113.77.3
343-75-2715,Annis,Klimmek,aklimmekrb@naver.com,China,90.185.160.71
894-96-0159,Obadias,Goding,ogodingrc@techcrunch.com,Netherlands,119.64.108.82
557-20-1898,Berget,Gaiger,bgaigerrd@digg.com,Brazil,83.242.202.114
829-49-8473,Laughton,Le Lievre,llelievrere@yandex.ru,Ukraine,249.41.75.115
852-39-9630,Marylou,Jeandin,mjeandinrf@prnewswire.com,Bangladesh,126.29.243.169
228-20-9469,Pierrette,Rolstone,prolstonerg@tinypic.com,Russia,45.223.35.129
125-93-1534,Garry,Muldownie,gmuldownierh@etsy.com,Thailand,233.247.183.41
752-16-3434,Emilee,Crampsy,ecrampsyri@chicagotribune.com,Russia,180.197.236.159
771-13-3616,Nisse,Zoppo,nzopporj@mayoclinic.com,Portugal,187.238.221.157
541-82-5205,Florina,Flukes,fflukesrk@wikipedia.org,Philippines,146.142.187.137
826-17-1186,Hanson,Garment,hgarmentrl@google.co.jp,Brazil,245.236.228.228
746-55-8332,Addy,Wedderburn,awedderburnrm@mozilla.org,Colombia,192.247.45.113
232-68-0084,Alice,Cleaveland,acleavelandrn@sogou.com,Peru,4.5.19.63
428-79-2775,Winna,Hardison,whardisonro@wisc.edu,China,96.49.176.243
239-74-3041,Fayth,Trewhela,ftrewhelarp@kickstarter.com,Iraq,28.141.102.13
358-43-1962,Janette,Yelland,jyellandrq@latimes.com,China,41.50.17.171
509-67-7551,Reynolds,Guerreiro,rguerreirorr@feedburner.com,China,62.209.252.121
